cve-id,published_date,updated_date,cvss_score,cvss_vector_v3,vulnerability_component_name,vulnerability_component_version,vulnerability_component_type,vendor_name,os_name_versions,os_version_specified,generated_cvss_vector,generated_cvss_score,Other_Environment_Restrictions,matadonnées_conformitie,patch_availability,lien_vers_le_patch,patch_date,mitigation_measures,Metigation_availability
CVE-2024-51746,2024-11-05 20:15:08.300000+01:00,2024-11-05 20:15:08.300000+01:00,0.00,,gitsign,<0.11.0,app,GitHub,N/A,No,CVSS:3.1/AV:N/AC:L/PR:N/UI:N/S:U/C:N/I:L/A:N,5.3,Yes,1,Yes,https://github.com/sigstore/gitsign/security/advisories/GHSA-8pmp-678w-c8xx,2024-11-05,N/A,No
CVE-2024-51740,2024-11-05 20:15:08.087000+01:00,2024-11-05 20:15:08.087000+01:00,4.30,CVSS:3.1/AV:N/AC:L/PR:L/UI:N/S:U/C:N/I:N/A:L,iTop,"< 2.7.11, < 3.0.5, < 3.1.2, < 3.2.0",webapp,Combodo,N/A,No,N/A,N/A,Yes,1,Yes,https://github.com/Combodo/iTop/security/advisories/GHSA-w9g8-mxm5-ph62,2024-11-05,N/A,No
CVE-2024-51735,2024-11-05 20:15:07.947000+01:00,2024-11-05 20:15:07.947000+01:00,0.00,,Osmedeus,<= 4.6.4,webapp,GitHub,N/A,No,CVSS:3.1/AV:N/AC:L/PR:N/UI:R/S:C/C:H/I:H/A:N,9.3,Yes,1,No,N/A,N/A,"{'recommendations': ['Implement input validation to sanitize user inputs and prevent XSS attacks.', 'Utilize a Web Application Firewall (WAF) to filter and monitor HTTP requests.', 'Regularly audit your systems for vulnerabilities and monitor for suspicious activity.', 'Consider adding custom filtering to the report generation process to mitigate XSS risks.', 'Reach out to the developer for assistance in developing a patch or fix for the vulnerability.'], 'technical_adjustments': ['Modify the report generation templates to include proper escaping of HTML content.', 'Set up logging and alerting for any unusual command executions on the server.'], 'immediate_containment': ['Isolate affected systems from the network until a patch or fix is available.'], 'long_term_risk_management': ['Establish a security policy that includes regular updates and patch management for all software.'], 'attack_vectors': ['XSS can be exploited through crafted reports generated by the Osmedeus workflow.', 'Potential command execution on the server can occur if malicious scripts are injected into report outputs.'], 'security_best_practices': ['Educate users on the risks of XSS and the importance of not executing untrusted scripts.', 'Implement Content Security Policy (CSP) headers to restrict the sources of executable scripts.']}",Yes
CVE-2024-51493,2024-11-05 20:15:07.730000+01:00,2024-11-05 20:15:07.730000+01:00,5.30,CVSS:3.1/AV:L/AC:L/PR:L/UI:N/S:U/C:L/I:L/A:L,OctoPrint,1.10.2,app,null,N/A,No,N/A,N/A,Yes,1,Yes,https://github.com/OctoPrint/OctoPrint/security/advisories/GHSA-cc6x-8cc7-9953,2024-11-05,N/A,No
CVE-2024-51382,2024-11-05 20:15:07.640000+01:00,2024-11-05 20:15:07.640000+01:00,0.00,,JATOS,3.9.3,webapp,null,N/A,No,CVSS:3.1/AV:N/AC:L/PR:N/UI:R/S:U/C:H/I:H/A:N,8.1,Yes,1,Yes,https://hacking-notes.medium.com/cve-2024-51382-jatos-v3-9-3-csrf-admin-password-reset-1adeff0386ed,2024-11-05,N/A,No
CVE-2024-51381,2024-11-05 20:15:07.550000+01:00,2024-11-05 20:15:07.550000+01:00,0.00,,JATOS,3.9.3,webapp,null,N/A,No,CVSS:3.1/AV:N/AC:L/PR:N/UI:R/S:C/C:H/I:H/A:N,9.3,Yes,1,Yes,https://hacking-notes.medium.com/cve-2024-51381-jatos-v3-9-3-csrf-admin-account-creation-94035f24d0be,2024-11-05,N/A,No
CVE-2024-51380,2024-11-05 20:15:07.470000+01:00,2024-11-05 20:15:07.470000+01:00,0.00,,JATOS,3.9.3,webapp,null,N/A,No,CVSS:3.1/AV:N/AC:L/PR:N/UI:R/S:U/C:H/I:H/A:N,8.1,Yes,1,Yes,https://hacking-notes.medium.com/cve-2024-51380-jatos-v3-9-3-stored-xss-properties-component-44aea338ee9c,2024-11-05,N/A,No
CVE-2024-51379,2024-11-05 20:15:07.373000+01:00,2024-11-05 20:15:07.373000+01:00,0.00,,JATOS,3.9.3,webapp,null,N/A,No,CVSS:3.1/AV:N/AC:L/PR:N/UI:R/S:U/C:H/I:H/A:N,8.1,Yes,1,Yes,https://hacking-notes.medium.com/cve-2024-51379-jatos-v3-9-3-stored-xss-description-component-de49d0077a96,2024-11-05,N/A,No
CVE-2024-51240,2024-11-05 20:15:07.283000+01:00,2024-11-05 20:15:07.283000+01:00,0.00,,luci-mod-rpc,,webapp,OpenWRT,OpenWRT All versions,No,CVSS:3.1/AV:N/AC:L/PR:H/UI:N/S:U/C:H/I:H/A:N,6.5,Yes,1,No,N/A,N/A,"{'technical_adjustments': ['Disable the JSON-RPC-API if not in use.', 'Restrict access to the luci-mod-rpc package to trusted IP addresses only.'], 'immediate_containment': ['Change admin passwords to strong, unique passwords.', 'Monitor logs for unauthorized access attempts.'], 'enhanced_monitoring': ['Implement logging and alerting for API access.', 'Use intrusion detection systems to monitor for unusual activity.'], 'long_term_risk_management': ['Regularly review and update security policies.', 'Educate users on the risks of privilege escalation.'], 'attack_vectors': ['Exploiting the JSON-RPC-API to gain unauthorized root access.', 'Using stolen admin credentials to escalate privileges.'], 'alternative_solutions': ['Consider using alternative firmware that does not have this vulnerability.', 'Regularly update and patch systems to mitigate risks.'], 'security_best_practices': ['Conduct regular security audits.', 'Implement least privilege access controls.']}",Yes
CVE-2024-50335,2024-11-05 20:15:07.060000+01:00,2024-11-05 20:15:07.060000+01:00,4.90,CVSS:3.1/AV:N/AC:L/PR:H/UI:N/S:U/C:H/I:N/A:N,SuiteCRM,"<=7.14.4, <=8.6.1",webapp,salesagility,N/A,No,N/A,N/A,Yes,0,Yes,https://github.com/salesagility/SuiteCRM/security/advisories/GHSA-8rw6-g96j-3w7m,2024-11-05,N/A,No
CVE-2024-50333,2024-11-05 20:15:06.840000+01:00,2024-11-05 20:15:06.840000+01:00,6.60,CVSS:3.1/AV:N/AC:H/PR:H/UI:N/S:U/C:H/I:H/A:H,SuiteCRM,"7.14.4, 8.6.2",app,salesagility,N/A,No,N/A,N/A,Yes,0,Yes,https://github.com/salesagility/SuiteCRM/security/advisories/GHSA-qrv6-3q86-qv89,2024-11-05,N/A,No
CVE-2024-50332,2024-11-05 20:15:06.623000+01:00,2024-11-05 20:15:06.623000+01:00,8.80,CVSS:3.1/AV:N/AC:L/PR:L/UI:N/S:U/C:H/I:H/A:H,SuiteCRM,"7.14.5, 8.6.2",app,salesagility,N/A,No,N/A,N/A,Yes,1,Yes,https://github.com/salesagility/SuiteCRM/security/advisories/GHSA-53xh-mjmq-j35p,2024-11-05,N/A,No
CVE-2024-49774,2024-11-05 20:15:06.410000+01:00,2024-11-05 20:15:06.410000+01:00,7.20,CVSS:3.1/AV:N/AC:L/PR:H/UI:N/S:U/C:H/I:H/A:H,SuiteCRM,"7.14.4, 8.6.2",app,salesagility,N/A,No,N/A,N/A,Yes,0,Yes,https://github.com/salesagility/SuiteCRM/security/advisories/GHSA-9v56-vhp4-x227,2024-11-05,N/A,No
CVE-2024-49773,2024-11-05 20:15:06.200000+01:00,2024-11-05 20:15:06.200000+01:00,5.30,CVSS:3.1/AV:N/AC:H/PR:L/UI:N/S:U/C:H/I:N/A:N,SuiteCRM,"7.14.5, 8.6.2",app,salesagility,N/A,No,N/A,N/A,Yes,0,Yes,https://github.com/salesagility/SuiteCRM/security/advisories/GHSA-5hr4-r43c-6qf7,2024-11-05,N/A,No
CVE-2024-49772,2024-11-05 20:15:05.970000+01:00,2024-11-05 20:15:05.970000+01:00,8.80,CVSS:3.1/AV:N/AC:L/PR:L/UI:N/S:U/C:H/I:H/A:H,SuiteCRM,7.14.4,app,salesagility,N/A,No,N/A,N/A,Yes,1,Yes,https://github.com/salesagility/SuiteCRM/security/advisories/GHSA-4xj8-hr85-hm3m,2024-11-05,N/A,No
CVE-2024-49377,2024-11-05 20:15:05.737000+01:00,2024-11-05 20:15:05.737000+01:00,5.50,CVSS:3.1/AV:A/AC:L/PR:N/UI:R/S:U/C:L/I:L/A:L,OctoPrint,1.10.2,app,null,N/A,No,N/A,N/A,Yes,1,Yes,https://github.com/OctoPrint/OctoPrint/security/advisories/GHSA-xvxq-g8hw-fx4g,2024-11-05,N/A,No
CVE-2024-0134,2024-11-05 20:15:05.203000+01:00,2024-11-05 20:15:05.203000+01:00,4.10,CVSS:3.1/AV:N/AC:L/PR:L/UI:R/S:C/C:N/I:L/A:N,NVIDIA Container Toolkit,All versions up to and including v1.16.2,app,NVIDIA,N/A,No,N/A,N/A,Yes,1,Yes,https://nvidia.custhelp.com/app/answers/detail/a_id/5585,2024-11-05,N/A,No
CVE-2024-51739,2024-11-05 19:15:16.547000+01:00,2024-11-05 19:15:16.547000+01:00,7.50,CVSS:3.1/AV:N/AC:L/PR:N/UI:N/S:U/C:H/I:N/A:N,iTop,"< 2.7.11, < 3.0.5, < 3.1.2, < 3.2.0",webapp,Combodo,N/A,No,N/A,N/A,Yes,1,Yes,https://github.com/Combodo/iTop/security/advisories/GHSA-2hmf-p27w-phf9,2024-11-05,N/A,No
CVE-2024-50138,2024-11-05 19:15:16.337000+01:00,2024-11-05 19:15:16.337000+01:00,0.00,,Linux kernel,,kernel,Linux Foundation,Linux 2.6.11,Yes,CVSS:3.1/AV:L/AC:L/PR:N/UI:N/S:U/C:N/I:N/A:N,0.0,Yes,1,Yes,https://git.kernel.org/stable/c/8b62645b09f870d70c7910e7550289d444239a46,2024-09-25,N/A,No
CVE-2024-50137,2024-11-05 19:15:16.277000+01:00,2024-11-05 19:15:16.277000+01:00,0.00,,Linux kernel,,kernel,StarFive,Linux 2.6.11,Yes,CVSS:3.1/AV:L/AC:L/PR:N/UI:N/S:U/C:N/I:N/A:N,0.0,Yes,1,Yes,https://git.kernel.org/stable/c/2cf59663660799ce16f4dfbed97cdceac7a7fa11,2024-11-05,N/A,No
CVE-2024-50136,2024-11-05 19:15:16.213000+01:00,2024-11-05 19:15:16.213000+01:00,0.00,,Linux kernel,,kernel,Linux Foundation,Linux 2.6.11,Yes,CVSS:3.1/AV:N/AC:L/PR:N/UI:N/S:U/C:N/I:N/A:N,0.0,Yes,1,Yes,https://git.kernel.org/stable/c/9f2ccb6f3888bec45c00121ee43e4e72423b12c1,2024-11-01,N/A,No
CVE-2024-50135,2024-11-05 19:15:16.153000+01:00,2024-11-05 19:15:16.153000+01:00,0.00,,Linux kernel,,kernel,Linux Foundation,Linux 2.6.11,Yes,CVSS:3.1/AV:L/AC:L/PR:N/UI:N/S:U/C:N/I:N/A:L,4.0,Yes,1,Yes,https://git.kernel.org/stable/c/26bc0a81f64ce00fc4342c38eeb2eddaad084dd2,2024-10-17,N/A,No
CVE-2024-50134,2024-11-05 19:15:16.093000+01:00,2024-11-05 19:15:16.093000+01:00,0.00,,Linux kernel,,kernel,Linux Foundation,Linux 2.6.11,Yes,CVSS:3.1/AV:L/AC:L/PR:N/UI:N/S:U/C:N/I:N/A:N,0.0,Yes,1,Yes,https://git.kernel.org/stable/c/34a422274b693507025a7db21519865d1862afcb,2024-11-01,N/A,No
CVE-2024-50133,2024-11-05 19:15:16.030000+01:00,2024-11-05 19:15:16.030000+01:00,0.00,,Linux kernel,,kernel,Linux Foundation,Linux 2.6.11,Yes,CVSS:3.1/AV:L/AC:L/PR:N/UI:N/S:U/C:N/I:N/A:H,6.2,Yes,1,Yes,https://git.kernel.org/stable/c/134475a9ab8487527238d270639a8cb74c10aab2,2024-10-21,N/A,No
CVE-2024-50132,2024-11-05 19:15:15.973000+01:00,2024-11-05 19:15:15.973000+01:00,0.00,,Linux kernel,6.11.0-rc7+,kernel,Linux Foundation,Linux 2.6.11,Yes,CVSS:3.1/AV:L/AC:L/PR:H/UI:N/S:U/C:N/I:H/A:N,4.4,Yes,1,No,N/A,N/A,"{'technical_adjustments': ['Limit the number of arguments passed to trace probes to 128 or fewer.', 'Implement input validation to ensure that the number of arguments does not exceed MAX_TRACE_ARGS.'], 'immediate_containment': ['Disable trace probing features if not in use to prevent exploitation.', 'Monitor system logs for any unusual access patterns or errors related to trace probes.'], 'enhanced_monitoring': ['Set up alerts for kernel panics or NULL pointer dereference errors.', 'Regularly review system performance and error logs for anomalies.'], 'long_term_risk_management': ['Establish a regular patch management process to ensure timely updates.', 'Conduct security assessments to identify and remediate vulnerabilities in the kernel.'], 'attack_vectors': ['Exploitation could occur through crafted trace probe arguments leading to kernel crashes.', 'Potential denial of service if the kernel becomes unresponsive due to invalid memory access.'], 'alternative_solutions': ['Consider using a more recent kernel version if available, as it may contain additional security improvements.', 'Evaluate the use of virtualization or containerization to isolate critical applications from the kernel.'], 'security_best_practices': ['Regularly update and patch all software components.', 'Implement a robust incident response plan to address potential security breaches.']}",Yes
CVE-2024-50131,2024-11-05 19:15:15.917000+01:00,2024-11-05 19:15:15.917000+01:00,0.00,,Linux kernel,,kernel,Linux Foundation,Linux 2.6.11,Yes,CVSS:3.1/AV:L/AC:L/PR:N/UI:N/S:U/C:N/I:N/A:N,0.0,Yes,1,Yes,https://git.kernel.org/stable/c/5fd942598ddeed9a212d1ff41f9f5b47bcc990a7,2024-11-01,N/A,No
CVE-2024-50130,2024-11-05 19:15:15.850000+01:00,2024-11-05 19:15:15.850000+01:00,0.00,,Linux kernel,,kernel,Linux Foundation,Linux 2.6.11,Yes,CVSS:3.1/AV:L/AC:L/PR:H/UI:N/S:U/C:N/I:H/A:N,4.4,Yes,1,No,N/A,N/A,"{'technical_adjustments': ['Ensure proper reference management for net namespaces in the BPF subsystem.', 'Review and update kernel configurations to prevent use-after-free vulnerabilities.'], 'immediate_containment': ['Isolate affected systems from the network until a patch is available.', 'Monitor logs for unusual activity related to netfilter and BPF.'], 'enhanced_monitoring': ['Implement automated monitoring for kernel-related anomalies.', 'Set up alerts for any unexpected behavior in network namespace management.'], 'long_term_risk_management': ['Establish a regular patch management schedule to apply updates promptly.', 'Conduct periodic security assessments focusing on kernel vulnerabilities.'], 'attack_vectors': ['Potential exploitation through crafted network packets targeting the BPF subsystem.', 'Denial of service through resource exhaustion by manipulating net namespaces.'], 'alternative_solutions': ['Consider using alternative network filtering solutions until a patch is released.', 'Evaluate the use of containerization to limit the impact of potential vulnerabilities.'], 'security_best_practices': ['Regularly update the Linux kernel to the latest stable version.', 'Implement strict access controls and network segmentation to limit exposure.']}",Yes
CVE-2024-50129,2024-11-05 19:15:15.797000+01:00,2024-11-05 19:15:15.797000+01:00,0.00,,Linux kernel,,kernel,Linux Foundation,Linux 2.6.11,Yes,CVSS:3.1/AV:L/AC:L/PR:N/UI:N/S:U/C:N/I:N/A:N,0.0,Yes,1,Yes,https://git.kernel.org/stable/c/50ea68146d82f34b3ad80d8290ef8222136dedd7,2024-11-05,N/A,No
CVE-2024-50128,2024-11-05 19:15:15.730000+01:00,2024-11-05 19:15:15.730000+01:00,0.00,,Linux kernel,6.1.70,kernel,Linux,Linux 2.6.11,Yes,CVSS:3.1/AV:N/AC:L/PR:N/UI:N/S:U/C:N/I:N/A:N,0.0,Yes,1,Yes,https://git.kernel.org/stable/c/47dd5447cab8ce30a847a0337d5341ae4c7476a7,2024-11-05,N/A,No
CVE-2024-50127,2024-11-05 19:15:15.670000+01:00,2024-11-05 19:15:15.670000+01:00,0.00,,Linux kernel,,kernel,Linux Foundation,Linux 2.6.11,Yes,CVSS:3.1/AV:L/AC:L/PR:N/UI:N/S:U/C:N/I:H/A:N,6.2,Yes,1,Yes,https://git.kernel.org/stable/c/2240f9376f20f8b6463232b4ca7292569217237f,2024-11-01,N/A,No
CVE-2024-50126,2024-11-05 19:15:15.607000+01:00,2024-11-05 19:15:15.607000+01:00,0.00,,Linux kernel,6.11.0-rc1,kernel,Linux Foundation,Linux 2.6.11,Yes,CVSS:3.1/AV:L/AC:L/PR:N/UI:N/S:U/C:N/I:H/A:N,6.2,Yes,1,Yes,https://git.kernel.org/stable/c/e4369cb6acf6b895ac2453cc1cdf2f4326122c6d,2024-11-01,N/A,No
CVE-2024-50125,2024-11-05 19:15:15.550000+01:00,2024-11-05 19:15:15.550000+01:00,0.00,,Linux kernel,,kernel,Linux Foundation,Linux 2.6.11,Yes,CVSS:3.1/AV:N/AC:L/PR:N/UI:N/S:U/C:N/I:N/A:N,0.0,Yes,1,Yes,https://git.kernel.org/stable/c/9ddda5d967e84796e7df1b54a55f36b4b9f21079,2024-11-01,N/A,No
CVE-2024-50124,2024-11-05 19:15:15.487000+01:00,2024-11-05 19:15:15.487000+01:00,0.00,,Linux kernel,,kernel,Linux Foundation,Linux 2.6.11,Yes,CVSS:3.1/AV:N/AC:L/PR:N/UI:N/S:U/C:N/I:N/A:H,7.5,Yes,1,Yes,https://git.kernel.org/stable/c/876ac72d535fa94f4ac57bba651987c6f990f646,2024-11-01,N/A,No
CVE-2024-50123,2024-11-05 19:15:15.367000+01:00,2024-11-05 19:15:15.367000+01:00,0.00,,Linux kernel,,kernel,Linux Foundation,Linux 2.6.11,Yes,CVSS:3.1/AV:L/AC:L/PR:N/UI:N/S:U/C:N/I:N/A:N,0.0,Yes,1,Yes,https://git.kernel.org/stable/c/6d79f12c0ce2bc8ff5f109093df1734bd6450615,2024-11-05,N/A,No
CVE-2024-50122,2024-11-05 19:15:15.210000+01:00,2024-11-05 19:15:15.210000+01:00,0.00,,Linux kernel,,kernel,Linux Foundation,Linux 2.6.11,Yes,CVSS:3.1/AV:L/AC:L/PR:H/UI:N/S:U/C:N/I:N/A:H,4.4,Yes,1,Yes,https://git.kernel.org/stable/c/1d59d474e1cb7d4fdf87dfaf96f44647f13ea590,2024-11-05,N/A,No
CVE-2024-50121,2024-11-05 19:15:15.080000+01:00,2024-11-05 19:15:15.080000+01:00,0.00,,Linux kernel,6.12.0-rc3+,kernel,Linux Foundation,Linux 2.6.11,Yes,CVSS:3.1/AV:L/AC:L/PR:H/UI:N/S:U/C:N/I:N/A:H,4.4,Yes,1,Yes,https://git.kernel.org/stable/c/add1df5eba163a3a6ece11cb85890e2e410baaea,2024-11-01,N/A,No
CVE-2024-50120,2024-11-05 19:15:15.023000+01:00,2024-11-05 19:15:15.023000+01:00,0.00,,Linux kernel,,kernel,Linux Foundation,Linux 2.6.11,Yes,CVSS:3.1/AV:N/AC:L/PR:N/UI:N/S:U/C:N/I:N/A:N,0.0,Yes,1,Yes,https://git.kernel.org/stable/c/35dbac8c328d6afe937cd45ecd41d209d0b9f8b8,2024-11-01,N/A,No
CVE-2024-50119,2024-11-05 19:15:14.957000+01:00,2024-11-05 19:15:14.957000+01:00,0.00,,Linux kernel,,kernel,Linux Foundation,Linux 2.6.11,Yes,CVSS:3.1/AV:L/AC:L/PR:N/UI:N/S:U/C:N/I:N/A:N,0.0,Yes,1,Yes,https://git.kernel.org/stable/c/2ce1007f42b8a6a0814386cb056feb28dc6d6091,2024-10-23,N/A,No
CVE-2024-50118,2024-11-05 19:15:14.887000+01:00,2024-11-05 19:15:14.887000+01:00,0.00,,Linux kernel,,kernel,Linux Foundation,Linux 2.6.11,Yes,CVSS:3.1/AV:L/AC:L/PR:N/UI:N/S:U/C:N/I:H/A:N,6.2,Yes,1,Yes,https://git.kernel.org/stable/c/23724398b55d9570f6ae79dd2ea026fff8896bf1,2024-11-01,N/A,No
CVE-2024-50117,2024-11-05 19:15:14.823000+01:00,2024-11-05 19:15:14.823000+01:00,0.00,,Linux kernel,,kernel,AMD,Linux 2.6.11,Yes,CVSS:3.1/AV:L/AC:L/PR:N/UI:N/S:U/C:N/I:N/A:H,6.2,Yes,1,Yes,https://git.kernel.org/stable/c/6032287747f874b52dc8b9d7490e2799736e035f,2024-11-01,N/A,No
CVE-2024-50116,2024-11-05 19:15:14.763000+01:00,2024-11-05 19:15:14.763000+01:00,0.00,,Linux kernel,,kernel,Linux Foundation,Linux 2.6.11,Yes,CVSS:3.1/AV:L/AC:L/PR:N/UI:N/S:U/C:N/I:N/A:H,6.2,Yes,1,No,N/A,N/A,"{'technical_adjustments': ['Ensure that nilfs2 file systems are not used in environments where corrupted file system images are likely.', 'Regularly back up file systems to prevent data loss in case of corruption.'], 'immediate_containment': ['Isolate affected systems from the network to prevent potential exploitation.'], 'enhanced_monitoring': ['Implement logging and monitoring for file system integrity checks.', 'Set up alerts for any unusual file system behavior or errors.'], 'long_term_risk_management': ['Review and update security policies regarding file system usage and maintenance.', 'Conduct regular training for system administrators on handling file system vulnerabilities.'], 'attack_vectors': ['Exploitation may occur through the use of corrupted file system images, leading to potential denial of service or data loss.'], 'alternative_solutions': ['Consider using alternative file systems that have robust error handling and recovery mechanisms.', 'Evaluate the use of virtualization to isolate file system operations.'], 'security_best_practices': ['Regularly update the Linux kernel and associated file system drivers to the latest stable versions.', 'Conduct periodic security assessments and vulnerability scans on systems.']}",Yes
CVE-2024-50115,2024-11-05 19:15:14.700000+01:00,2024-11-05 19:15:14.700000+01:00,0.00,,Linux kernel,,kernel,Linux Foundation,Linux 2.6.11,Yes,CVSS:3.1/AV:L/AC:L/PR:H/UI:N/S:U/C:L/I:N/A:N,2.3,Yes,1,Yes,https://git.kernel.org/stable/c/2c4adc9b192a0815fe58a62bc0709449416cc884,2024-11-01,N/A,No
CVE-2024-50114,2024-11-05 19:15:14.630000+01:00,2024-11-05 19:15:14.630000+01:00,0.00,,Linux kernel,6.11.0-rc6,kernel,null,Linux All versions with arm64 architecture,Yes,CVSS:3.1/AV:L/AC:L/PR:H/UI:N/S:U/C:N/I:N/A:H,4.4,Yes,1,Yes,https://git.kernel.org/stable/c/6bcc2890b883ba1d16b8942937750565f6e9db0d,2024-11-05,N/A,No
CVE-2024-50113,2024-11-05 19:15:14.560000+01:00,2024-11-05 19:15:14.560000+01:00,0.00,,Linux kernel,,kernel,Linux Foundation,Linux 2.6.11,Yes,CVSS:3.1/AV:A/AC:L/PR:N/UI:N/S:U/C:N/I:N/A:H,6.5,Yes,1,Yes,https://git.kernel.org/stable/c/90753a38bc3d058820981f812a908a99f7b337c1,2024-11-05,N/A,No
CVE-2024-50112,2024-11-05 19:15:14.497000+01:00,2024-11-05 19:15:14.497000+01:00,0.00,,Linux kernel,,kernel,Linux,Linux 2.6.11,Yes,CVSS:3.1/AV:L/AC:L/PR:N/UI:N/S:U/C:N/I:N/A:N,0.0,Yes,1,Yes,https://git.kernel.org/stable/c/3267cb6d3a174ff83d6287dcd5b0047bbd912452,2024-11-05,N/A,No
CVE-2024-50111,2024-11-05 19:15:14.433000+01:00,2024-11-05 19:15:14.433000+01:00,0.00,,Linux kernel,6.12.0-rc1+,kernel,Linux Foundation,Linux 2.6.11,Yes,CVSS:3.1/AV:L/AC:L/PR:N/UI:N/S:U/C:N/I:N/A:L,4.0,Yes,1,Yes,https://git.kernel.org/stable/c/8915ed160dbd32b5ef5864df9a9fc11db83a77bb,2024-11-01,N/A,No
CVE-2024-50110,2024-11-05 19:15:14.370000+01:00,2024-11-05 19:15:14.370000+01:00,0.00,,Linux kernel,6.8.11,kernel,Linux Foundation,Linux 2.6.11,Yes,CVSS:3.1/AV:N/AC:L/PR:N/UI:N/S:U/C:H/I:N/A:N,7.5,Yes,1,No,N/A,N/A,"{'technical_adjustments': ['Ensure that all xfrm algorithms are properly initialized before use.', 'Implement strict input validation for user-space data interactions.'], 'immediate_containment': ['Isolate affected systems from the network until a patch is available.', 'Monitor network traffic for unusual patterns that may indicate exploitation attempts.'], 'enhanced_monitoring': ['Set up logging for all netlink socket communications to detect anomalies.', 'Utilize intrusion detection systems to alert on suspicious activities related to xfrm.'], 'long_term_risk_management': ['Regularly update the Linux kernel to incorporate security patches.', 'Conduct periodic security assessments to identify and mitigate vulnerabilities.'], 'attack_vectors': ['Exploitation may occur through crafted network packets targeting the xfrm subsystem.', 'Potential data leakage of sensitive information through uninitialized memory.'], 'alternative_solutions': ['Consider using alternative secure communication protocols until a patch is available.', 'Implement additional layers of security, such as VPNs, to protect data in transit.'], 'security_best_practices': ['Regularly audit system configurations and apply security hardening measures.', 'Educate staff on recognizing and responding to potential security threats.']}",Yes
CVE-2024-50109,2024-11-05 19:15:14.317000+01:00,2024-11-05 19:15:14.317000+01:00,0.00,,Linux kernel,,kernel,Linux Foundation,Linux 2.6.11,Yes,CVSS:3.1/AV:L/AC:L/PR:N/UI:N/S:U/C:N/I:N/A:H,6.2,Yes,1,Yes,https://git.kernel.org/stable/c/825711e00117fc686ab89ac36a9a7b252dc349c6,2024-11-05,N/A,No
CVE-2024-50108,2024-11-05 19:15:14.247000+01:00,2024-11-05 19:15:14.247000+01:00,0.00,,Linux kernel,,kernel,Linux Foundation,Linux 2.6.11,Yes,CVSS:3.1/AV:L/AC:L/PR:N/UI:N/S:U/C:N/I:N/A:L,4.0,Yes,1,Yes,https://git.kernel.org/stable/c/ba1959f71117b27f3099ee789e0815360b4081dd,2024-11-01,N/A,No
CVE-2024-50107,2024-11-05 19:15:14.177000+01:00,2024-11-05 19:15:14.177000+01:00,0.00,,Linux kernel,6.12.0-rc2,kernel,Linux Foundation,Linux 2.6.11,Yes,CVSS:3.1/AV:L/AC:L/PR:N/UI:N/S:U/C:N/I:N/A:L,4.0,Yes,1,Yes,https://git.kernel.org/stable/c/01c473e64cafe2231e51be140446388024e669e8,2024-11-01,N/A,No
CVE-2024-50106,2024-11-05 19:15:14.120000+01:00,2024-11-05 19:15:14.120000+01:00,0.00,,Linux kernel,6.11.0-rc7+,kernel,null,Linux 2.6.11,Yes,CVSS:3.1/AV:N/AC:L/PR:N/UI:N/S:U/C:N/I:H/A:N,7.5,Yes,1,Yes,https://git.kernel.org/stable/c/8dd91e8d31febf4d9cca3ae1bb4771d33ae7ee5a,2024-11-05,N/A,No
CVE-2024-50105,2024-11-05 19:15:14.063000+01:00,2024-11-05 19:15:14.063000+01:00,0.00,,Linux kernel,,kernel,Qualcomm,Linux 2.6.11,Yes,CVSS:3.1/AV:L/AC:L/PR:N/UI:N/S:U/C:N/I:N/A:H,6.2,Yes,1,Yes,https://git.kernel.org/stable/c/176a41ebec42a921277cd34e8c0c2e776a9dd6c4,2024-11-05,N/A,No
CVE-2024-50104,2024-11-05 19:15:13.993000+01:00,2024-11-05 19:15:13.993000+01:00,0.00,,Linux kernel,6.12.0-rc2,kernel,Qualcomm,Linux All versions affected by the Linux kernel containing the vulnerability,Yes,CVSS:3.1/AV:L/AC:L/PR:N/UI:N/S:U/C:N/I:N/A:H,6.2,Yes,1,Yes,https://git.kernel.org/stable/c/d0e806b0cc6260b59c65e606034a63145169c04c,2024-11-05,N/A,No
CVE-2024-50103,2024-11-05 19:15:13.930000+01:00,2024-11-05 19:15:13.930000+01:00,0.00,,Linux kernel,,kernel,Linux Foundation,Linux 2.6.11,Yes,CVSS:3.1/AV:L/AC:L/PR:N/UI:N/S:U/C:N/I:N/A:N,0.0,Yes,1,Yes,https://git.kernel.org/stable/c/1e235d02d803660777ec911a2c467ae41f8539f5,2024-11-01,N/A,No
CVE-2024-50102,2024-11-05 19:15:13.877000+01:00,2024-11-05 19:15:13.877000+01:00,0.00,,Linux kernel,,kernel,AMD,Linux 2.6.11,Yes,CVSS:3.1/AV:L/AC:L/PR:N/UI:N/S:U/C:H/I:N/A:N,6.2,Yes,1,Yes,https://git.kernel.org/stable/c/291313693677a345d4f50aae3c68e28b469f601e,2024-11-05,N/A,No
CVE-2024-50101,2024-11-05 19:15:13.813000+01:00,2024-11-05 19:15:13.813000+01:00,0.00,,Linux kernel,,kernel,Linux Foundation,Linux 2.6.11,Yes,CVSS:3.1/AV:L/AC:L/PR:N/UI:N/S:U/C:N/I:N/A:H,6.2,Yes,1,Yes,https://git.kernel.org/stable/c/0bd9a30c22afb5da203386b811ec31429d2caa78,2024-10-22,N/A,No
CVE-2024-50100,2024-11-05 19:15:13.757000+01:00,2024-11-05 19:15:13.757000+01:00,0.00,,Linux kernel,,kernel,Linux Foundation,Linux 2.6.11,Yes,CVSS:3.1/AV:L/AC:L/PR:N/UI:N/S:U/C:N/I:N/A:H,6.2,Yes,1,Yes,https://git.kernel.org/stable/c/5189df7b8088268012882c220d6aca4e64981348,2024-11-05,N/A,No
CVE-2024-50099,2024-11-05 19:15:13.690000+01:00,2024-11-05 19:15:13.690000+01:00,0.00,,Linux kernel,,kernel,null,Linux All versions with arm64 architecture,Yes,CVSS:3.1/AV:L/AC:L/PR:H/UI:N/S:U/C:N/I:N/A:N,0.0,Yes,1,Yes,https://git.kernel.org/stable/c/3728b4eb27910ffedd173018279a970705f2e03a,2024-10-22,N/A,No
CVE-2024-50098,2024-11-05 19:15:13.620000+01:00,2024-11-05 19:15:13.620000+01:00,0.00,,Linux kernel,,kernel,Linux Foundation,Linux 2.6.11,Yes,CVSS:3.1/AV:L/AC:L/PR:N/UI:N/S:U/C:N/I:N/A:H,6.2,Yes,1,Yes,https://git.kernel.org/stable/c/7774d23622416dbbbdb21bf342b3f0d92cf1dc0f,2024-10-22,N/A,No
CVE-2024-50097,2024-11-05 18:15:06.937000+01:00,2024-11-05 18:15:06.937000+01:00,0.00,,Linux kernel,,kernel,Linux Foundation,Linux 2.6.11,Yes,CVSS:3.1/AV:L/AC:L/PR:N/UI:N/S:U/C:N/I:N/A:H,6.2,Yes,1,Yes,https://git.kernel.org/stable/c/6be063071a457767ee229db13f019c2ec03bfe44,2024-10-09,N/A,No
CVE-2024-50096,2024-11-05 18:15:06.870000+01:00,2024-11-05 18:15:06.870000+01:00,0.00,,Linux kernel,,kernel,Nvidia,Linux 2.6.11,Yes,CVSS:3.1/AV:L/AC:L/PR:N/UI:N/S:U/C:H/I:N/A:N,6.2,Yes,1,Yes,https://git.kernel.org/stable/c/614bfb2050982d23d53d0d51c4079dba0437c883,2024-10-17,N/A,No
CVE-2024-50095,2024-11-05 18:15:06.797000+01:00,2024-11-05 18:15:06.797000+01:00,0.00,,Linux kernel,5.14.0-427.13.1.el9_4.x86_64,kernel,null,Linux 2.6.11,Yes,CVSS:3.1/AV:N/AC:L/PR:N/UI:N/S:U/C:N/I:N/A:H,7.5,Yes,1,No,N/A,N/A,"{'technical_adjustments': ['Review and optimize the timeout handling configuration for RDMA connections.', 'Consider reducing the number of outstanding Work Requests (WRs) to minimize contention.'], 'immediate_containment': ['Isolate affected systems from the network until further analysis can be performed.'], 'enhanced_monitoring': ['Implement monitoring for CPU usage and soft lockup occurrences to detect potential issues early.', 'Set up alerts for abnormal behavior in RDMA connections.'], 'long_term_risk_management': ['Regularly update the Linux kernel to the latest stable version to incorporate security fixes and performance improvements.', 'Establish a routine for reviewing and applying patches as they become available.'], 'attack_vectors': ['Potential denial of service due to soft lockups affecting system responsiveness.', 'Increased latency in RDMA communications leading to performance degradation.'], 'alternative_solutions': ['Consider using alternative communication protocols if RDMA performance issues persist.', 'Evaluate the use of different hardware configurations that may alleviate locking contention.'], 'security_best_practices': ['Conduct regular security audits and vulnerability assessments on the system.', 'Implement a robust incident response plan to address potential exploitation of vulnerabilities.']}",Yes
CVE-2024-51362,2024-11-05 18:15:07.383000+01:00,2024-11-05 18:15:07.383000+01:00,0.00,,LSC Smart Connect Indoor IP Camera,V7.6.32,app,LSC Smart Connect,N/A,No,CVSS:3.1/AV:N/AC:L/PR:N/UI:N/S:U/C:H/I:N/A:N,7.5,Yes,1,No,N/A,N/A,"{'recommendations': ['Secure Your Network: Ensure that your Wi-Fi network is protected with a strong password and avoid sharing network access with untrusted devices or individuals.', 'Separate the Camera: Connect the camera to a dedicated Wi-Fi network isolated from other devices to limit access to the camera’s network.', 'Monitor for Updates: Keep the camera firmware updated and watch for any patches from LSC Smart Connect that may address this security flaw.'], 'technical_adjustments': ['Disable RTSP access if not needed or restrict access to trusted IP addresses only.', 'Implement network segmentation to isolate the camera from other critical devices.'], 'immediate_containment': ['Change the default settings of the camera to limit exposure.', 'Regularly check for unauthorized access attempts on the network.'], 'long_term_risk_management': ['Establish a security policy for IoT devices, including regular audits and updates.', 'Educate users on the risks associated with unsecured devices.'], 'attack_vectors': ['Unauthorized access to live video feeds via RTSP on port 8554.', 'Potential for surveillance and privacy invasion if the camera is connected to an insecure network.'], 'alternative_solutions': ['Consider using a VPN to access the camera securely if remote access is necessary.', 'Explore alternative camera models with better security features.'], 'security_best_practices': ['Regularly review and update security configurations for all connected devices.', 'Implement logging and monitoring to detect unusual activity on the network.']}",Yes
CVE-2024-51132,2024-11-05 18:15:07.310000+01:00,2024-11-05 18:15:07.310000+01:00,0.00,,HAPI FHIR,< 6.4.0,library,null,Java 11 or higher,Yes,CVSS:3.1/AV:N/AC:L/PR:N/UI:N/S:U/C:H/I:N/A:N,7.5,Yes,1,Yes,https://github.com/hapifhir/org.hl7.fhir.core/commit/7ede053a5fca50cc2802884c661a241d51703a67,2024-10-24,N/A,No
CVE-2024-50094,2024-11-05 18:15:06.733000+01:00,2024-11-05 18:15:06.733000+01:00,0.00,,Linux kernel,,kernel,Linux Foundation,Linux 2.6.11,Yes,CVSS:3.1/AV:L/AC:L/PR:N/UI:N/S:U/C:N/I:N/A:H,6.2,Yes,1,Yes,https://git.kernel.org/stable/c/55e802468e1d38dec8e25a2fdb6078d45b647e8c,2024-10-03,N/A,No
CVE-2024-50093,2024-11-05 18:15:06.663000+01:00,2024-11-05 18:15:06.663000+01:00,0.00,,Linux kernel,,kernel,Intel,Linux 2.6.11,Yes,CVSS:3.1/AV:L/AC:L/PR:N/UI:N/S:U/C:N/I:N/A:N,0.0,Yes,1,Yes,https://git.kernel.org/stable/c/434525a864136c928b54fd2512b4c0167c207463,2024-11-05,N/A,No
CVE-2024-50092,2024-11-05 18:15:06.597000+01:00,2024-11-05 18:15:06.597000+01:00,0.00,,Linux kernel,,kernel,Linux Foundation,Linux 2.6.11,Yes,CVSS:3.1/AV:N/AC:L/PR:N/UI:N/S:U/C:N/I:N/A:N,0.0,Yes,1,Yes,https://git.kernel.org/stable/c/712a3af3710263444217df54e7f337f99df198d2,2024-11-05,N/A,No
CVE-2024-50091,2024-11-05 18:15:06.533000+01:00,2024-11-05 18:15:06.533000+01:00,0.00,,Linux kernel,,kernel,Linux Foundation,Linux 2.6.11,Yes,CVSS:3.1/AV:L/AC:L/PR:N/UI:N/S:U/C:N/I:N/A:N,0.0,Yes,1,Yes,https://git.kernel.org/stable/c/0808ebf2f80b962e75741a41ced372a7116f1e26,2024-11-05,N/A,No
CVE-2024-50090,2024-11-05 18:15:06.477000+01:00,2024-11-05 18:15:06.477000+01:00,0.00,,Linux kernel,,kernel,Linux Foundation,Linux 2.6.11,Yes,CVSS:3.1/AV:L/AC:L/PR:N/UI:N/S:U/C:N/I:N/A:H,6.2,Yes,1,Yes,https://git.kernel.org/stable/c/6c10ba06bb1b48acce6d4d9c1e33beb9954f1788,2024-11-05,N/A,No
CVE-2024-49522,2024-11-05 18:15:06.173000+01:00,2024-11-05 18:15:06.173000+01:00,7.80,CVSS:3.1/AV:L/AC:L/PR:N/UI:R/S:U/C:H/I:H/A:H,Adobe Substance 3D Painter,10.0.1 and earlier,app,Adobe,"Windows all_versions, macOS all_versions, Linux all_versions",Yes,N/A,N/A,Yes,1,Yes,https://helpx.adobe.com/security/products/substance3d_painter/apsb24-52.html,2024-11-05,N/A,No
CVE-2024-48312,2024-11-05 18:15:06.093000+01:00,2024-11-05 21:35:24.200000+01:00,5.40,CVSS:3.1/AV:N/AC:L/PR:L/UI:R/S:C/C:L/I:L/A:N,WebLaudos,20.8 (118),webapp,Pixeon,N/A,No,N/A,N/A,Yes,0,No,N/A,N/A,"{'recommendations': ['Implement input validation to sanitize user inputs on the login page.', 'Utilize a Web Application Firewall (WAF) to filter and monitor HTTP requests.', 'Regularly audit your application for vulnerabilities and conduct penetration testing.', 'Educate users about the risks of XSS and encourage safe browsing practices.', 'Consider implementing Content Security Policy (CSP) to mitigate the impact of XSS attacks.', 'Monitor logs for unusual activity and set up alerts for potential exploitation attempts.'], 'technical_adjustments': ['Ensure that all user inputs are properly encoded before rendering on the web page.', 'Use security libraries that provide XSS protection mechanisms.'], 'immediate_containment': ['Temporarily disable the login functionality until a fix is implemented.', 'Isolate affected systems from the network to prevent further exploitation.'], 'long_term_risk_management': ['Establish a regular patch management process to keep software up to date.', 'Develop a security policy that includes regular training for developers on secure coding practices.'], 'attack_vectors': ['Exploitation via the login page using crafted URLs to inject malicious scripts.', 'Potential cookie theft leading to session hijacking.'], 'alternative_solutions': ['If possible, switch to a more secure version of the application or an alternative product until a patch is available.'], 'security_best_practices': ['Conduct regular security assessments and vulnerability scans.', 'Implement multi-factor authentication to reduce the impact of stolen credentials.']}",Yes
CVE-2023-29126,2024-11-05 17:15:16.950000+01:00,2024-11-05 17:15:16.950000+01:00,4.20,CVSS:3.1/AV:A/AC:H/PR:N/UI:N/S:U/C:L/I:L/A:N,Waybox Enel X,,webapp,Enel X,N/A,No,N/A,N/A,Yes,0,No,N/A,N/A,"{'recommendations': ['Implement input validation to prevent PHP-type juggling vulnerabilities.', 'Use a Web Application Firewall (WAF) to filter and monitor HTTP requests.', 'Regularly audit your systems for unusual access patterns and authentication attempts.', 'Limit the number of login attempts to mitigate brute force attacks.', 'Ensure strong password policies are enforced for user accounts.', 'Monitor logs for suspicious activity and set up alerts for potential breaches.'], 'technical_adjustments': ['Configure server settings to restrict access to sensitive areas of the application.', 'Update PHP configurations to disable features that may be exploited by attackers.'], 'immediate_containment': ['Isolate affected systems from the network until a patch or fix is available.'], 'long_term_risk_management': ['Develop a security policy that includes regular updates and patch management.', 'Conduct training for staff on recognizing and responding to security threats.'], 'attack_vectors': ['Brute force attacks on authentication mechanisms.', 'Exploitation of weak input validation leading to unauthorized access.'], 'additional_best_practices': ['Regularly back up data and ensure backups are secure.', 'Implement multi-factor authentication (MFA) for all user accounts.']}",Yes
CVE-2023-29125,2024-11-05 17:15:16.770000+01:00,2024-11-05 17:15:16.770000+01:00,9.00,CVSS:3.1/AV:A/AC:L/PR:L/UI:N/S:C/C:H/I:H/A:H,,,,Enel X,N/A,No,N/A,N/A,Yes,1,No,N/A,N/A,"{'technical_adjustments': ['Restrict access to TCP port 7700 using firewall rules to limit exposure.', 'Implement input validation to ensure that only expected packet formats are processed.'], 'immediate_containment': ['Isolate affected systems from the network until further analysis can be performed.'], 'enhanced_monitoring': ['Set up logging and monitoring for unusual traffic patterns on TCP port 7700.', 'Deploy intrusion detection systems (IDS) to alert on potential exploit attempts.'], 'long_term_risk_management': ['Regularly update and patch systems to mitigate known vulnerabilities.', 'Conduct security training for staff to recognize and respond to potential threats.'], 'attack_vectors': ['An attacker could exploit the heap buffer overflow by sending crafted packets to TCP port 7700, potentially leading to remote code execution.'], 'alternative_solutions': ['Consider using a Web Application Firewall (WAF) to filter and monitor HTTP traffic to the application.'], 'security_best_practices': ['Regularly conduct vulnerability assessments and penetration testing to identify and remediate weaknesses.']}",Yes
CVE-2023-29122,2024-11-05 17:15:16.577000+01:00,2024-11-05 17:15:16.577000+01:00,6.70,CVSS:3.1/AV:L/AC:L/PR:H/UI:N/S:U/C:H/I:H/A:H,,,,Enel X,N/A,No,N/A,N/A,Yes,0,No,N/A,N/A,"{'technical_adjustments': ['Restrict access to service libraries based on user roles and permissions.', 'Implement strict authentication and authorization controls.'], 'immediate_containment': ['Isolate affected systems from the network until a patch is available.'], 'enhanced_monitoring': ['Deploy intrusion detection systems to monitor for unauthorized access attempts.', 'Regularly review access logs for suspicious activity.'], 'long_term_risk_management': ['Establish a regular patch management process to ensure timely updates.', 'Conduct security training for staff on recognizing and responding to vulnerabilities.'], 'attack_vectors': ['Unauthorized access to service libraries could lead to data exposure or manipulation.', 'Potential exploitation through compromised user accounts.'], 'alternative_solutions': ['Consider implementing a Web Application Firewall (WAF) to filter and monitor HTTP traffic.', 'Use network segmentation to limit access to sensitive services.'], 'security_best_practices': ['Regularly conduct vulnerability assessments and penetration testing.', 'Maintain an up-to-date inventory of all software and services in use.']}",Yes
CVE-2023-29121,2024-11-05 17:15:16.377000+01:00,2024-11-05 17:15:16.377000+01:00,9.60,CVSS:3.1/AV:A/AC:L/PR:N/UI:N/S:C/C:H/I:H/A:H,Waybox Enel TCF Agent,,app,Waybox,N/A,No,N/A,N/A,Yes,1,No,N/A,N/A,"{'technical_adjustments': ['Restrict access to the Waybox Enel TCF Agent service to trusted IP addresses only.', 'Implement strong authentication mechanisms for administrative access.'], 'immediate_containment': ['Isolate affected systems from the network until further analysis can be performed.'], 'enhanced_monitoring': ['Deploy intrusion detection systems (IDS) to monitor for unauthorized access attempts.', 'Regularly review logs for suspicious activities related to the Waybox system.'], 'long_term_risk_management': ['Establish a regular patch management process to ensure timely updates.', 'Conduct security training for administrators on best practices for system security.'], 'attack_vectors': ['Unauthorized access through the Waybox Enel TCF Agent service could lead to privilege escalation.', 'Potential exploitation of weak authentication mechanisms.'], 'alternative_solutions': ['Consider using a VPN to secure remote access to the Waybox system.', 'Evaluate the use of a Web Application Firewall (WAF) to filter and monitor HTTP traffic.'], 'security_best_practices': ['Regularly conduct vulnerability assessments and penetration testing.', 'Implement least privilege access controls for all users.']}",Yes
CVE-2023-29120,2024-11-05 17:15:16.190000+01:00,2024-11-05 17:15:16.190000+01:00,9.60,CVSS:3.1/AV:A/AC:L/PR:N/UI:N/S:C/C:H/I:H/A:H,Waybox Enel X,,app,Enel X,N/A,No,N/A,N/A,Yes,1,No,N/A,N/A,"{'recommendations': ['Implement strict input validation to prevent command injection.', 'Utilize a Web Application Firewall (WAF) to filter and monitor HTTP requests.', 'Regularly audit the Waybox system for unauthorized access and anomalies.', 'Isolate the Waybox system from other critical infrastructure to limit potential damage.', 'Enhance logging and monitoring to detect suspicious activities related to command execution.', 'Establish a security policy that includes regular updates and patch management for all systems.'], 'attack_vectors': ['Remote command execution through the web management interface.', 'Exploitation of weak authentication mechanisms to gain administrative access.'], 'additional_security_best_practices': ['Conduct regular security training for administrators on best practices.', 'Implement multi-factor authentication for accessing the Waybox management interface.', 'Keep all software and dependencies up to date to mitigate known vulnerabilities.']}",Yes
CVE-2023-29119,2024-11-05 17:15:15.983000+01:00,2024-11-05 17:15:15.983000+01:00,9.60,CVSS:3.1/AV:A/AC:L/PR:N/UI:N/S:C/C:H/I:H/A:H,Waybox Enel X,,webapp,Enel X,N/A,No,N/A,N/A,Yes,1,No,N/A,N/A,"{'recommendations': ['Implement input validation to prevent SQL injection attacks.', 'Use a Web Application Firewall (WAF) to filter and monitor HTTP requests.', 'Regularly audit your systems for vulnerabilities and monitor for suspicious activity.', 'Restrict access to the /admin/dbstore.php endpoint to trusted IP addresses only.', 'Implement logging and alerting for any unauthorized access attempts to the database.'], 'technical_adjustments': ['Configure database permissions to limit access to sensitive operations.', 'Ensure that all user inputs are sanitized before processing.'], 'immediate_containment': ['Isolate affected systems from the network until a patch or fix is available.'], 'long_term_risk_management': ['Develop and enforce a security policy that includes regular updates and patch management.'], 'attack_vectors': ['Exploitation of the /admin/dbstore.php endpoint could lead to unauthorized database access.', 'Potential data leakage or corruption due to arbitrary requests being executed.'], 'alternative_solutions': ['Consider using a different web management application that has a proven security track record.'], 'security_best_practices': ['Conduct regular security training for developers and system administrators.', 'Implement multi-factor authentication for administrative access.']}",Yes
CVE-2023-29118,2024-11-05 17:15:15.760000+01:00,2024-11-05 17:15:15.760000+01:00,9.60,CVSS:3.1/AV:A/AC:L/PR:N/UI:N/S:C/C:H/I:H/A:H,Waybox Enel X,,webapp,Enel X,N/A,No,N/A,N/A,Yes,1,No,N/A,N/A,"{'recommendations': ['Implement input validation to prevent SQL injection attacks.', 'Use a Web Application Firewall (WAF) to filter and monitor HTTP requests.', 'Regularly audit your systems for vulnerabilities and suspicious activity.', 'Restrict access to the /admin/versions.php endpoint to trusted IP addresses only.', 'Monitor database logs for unusual access patterns or unauthorized queries.', 'Consider implementing rate limiting on sensitive endpoints to mitigate brute force attacks.'], 'technical_adjustments': ['Configure the web server to deny access to sensitive administrative scripts from external networks.', 'Ensure that database permissions are set to the least privilege necessary for application functionality.'], 'long_term_risk_management': ['Establish a regular patch management process to ensure timely updates.', 'Conduct security training for developers to promote secure coding practices.'], 'attack_vectors': ['Exploitation of the /admin/versions.php endpoint to execute arbitrary database commands.', 'Potential data leakage or unauthorized data manipulation due to insufficient access controls.'], 'additional_security_best_practices': ['Implement multi-factor authentication for administrative access.', 'Regularly back up database and application data to recover from potential data breaches.']}",Yes
CVE-2023-29117,2024-11-05 17:15:15.543000+01:00,2024-11-05 17:15:15.543000+01:00,8.80,CVSS:3.1/AV:A/AC:L/PR:N/UI:N/S:U/C:H/I:H/A:H,Waybox,,webapp,Enel X,N/A,No,N/A,N/A,Yes,1,No,N/A,N/A,"{'technical_adjustments': ['Implement strict input validation on the API endpoints to prevent unauthorized access.', 'Use multi-factor authentication for administrative access to the Waybox system.'], 'immediate_containment': ['Restrict access to the Waybox API to trusted IP addresses only.', 'Monitor logs for any unauthorized access attempts and respond accordingly.'], 'enhanced_monitoring': ['Set up alerts for unusual API access patterns or failed login attempts.', 'Regularly review access logs for anomalies.'], 'long_term_risk_management': ['Establish a regular patch management process to ensure timely updates.', 'Conduct periodic security assessments and penetration testing on the Waybox system.'], 'attack_vectors': ['Unauthorized API access leading to privilege escalation.', 'Potential data exposure due to misconfigured access controls.'], 'alternative_solutions': ['Consider using a VPN to secure access to the Waybox API.', 'Evaluate the implementation of a Web Application Firewall (WAF) to filter malicious traffic.'], 'security_best_practices': ['Regularly update and review security policies and procedures.', 'Train staff on security awareness and best practices for API security.']}",Yes
CVE-2023-29116,2024-11-05 17:15:15.307000+01:00,2024-11-05 17:15:15.307000+01:00,4.30,CVSS:3.1/AV:A/AC:L/PR:N/UI:N/S:U/C:L/I:N/A:N,Waybox Enel X,,webapp,Enel X,Waybox OS All versions,No,N/A,N/A,Yes,1,No,N/A,N/A,"{'recommendations': ['Implement input validation to prevent unauthorized access to sensitive information.', 'Utilize a Web Application Firewall (WAF) to filter and monitor HTTP requests.', 'Regularly audit your systems for vulnerabilities and monitor logs for suspicious activity.', 'Restrict access to the Waybox Enel X web management application to trusted IP addresses only.', 'Educate users about the risks associated with information disclosure and the importance of security best practices.'], 'technical_adjustments': ['Configure the application to limit the information returned in error messages.', 'Ensure that sensitive configuration details are not exposed through the web interface.'], 'immediate_containment': ['Isolate affected systems from the network until a patch or fix is available.'], 'long_term_risk_management': ['Develop a security policy that includes regular updates and patch management procedures.', 'Conduct periodic security assessments to identify and mitigate risks.'], 'attack_vectors': ['Unauthorized access through crafted requests to the web management application.', 'Information leakage that could lead to further exploitation of the system.'], 'alternative_solutions': ['Consider using alternative management applications that have a stronger security posture.', 'Implement network segmentation to limit exposure of vulnerable systems.'], 'security_best_practices': ['Regularly update all software components to their latest versions.', 'Conduct training sessions for staff on recognizing and responding to security threats.']}",Yes
CVE-2024-52030,2024-11-05 16:15:27.660000+01:00,2024-11-05 17:35:58.320000+01:00,5.70,CVSS:3.1/AV:A/AC:L/PR:L/UI:N/S:U/C:N/I:N/A:H,Netgear R7000P,1.3.3.154,app,Netgear,Linux All versions that can run Netgear R7000P firmware v1.3.3.154,Yes,N/A,N/A,Yes,1,No,N/A,N/A,"{'technical_adjustments': ['Implement strict input validation for the pptp_user_netmask parameter to prevent stack overflow.', 'Configure the router to limit the size of incoming POST requests.'], 'immediate_containment': ['Isolate affected devices from the network until a patch is available.', 'Monitor network traffic for unusual patterns that may indicate exploitation attempts.'], 'enhanced_monitoring': ['Set up alerts for any access attempts to the pptp.cgi endpoint.', 'Regularly review logs for signs of unauthorized access or anomalies.'], 'long_term_risk_management': ['Establish a routine for applying firmware updates and security patches as they become available.', 'Review and update security policies to include regular vulnerability assessments.'], 'attack_vectors': ['Attackers may exploit the vulnerability by sending crafted POST requests to the pptp.cgi endpoint.', 'Potential consequences include Denial of Service (DoS) and unauthorized access to the router.'], 'alternative_solutions': ['Consider disabling PPTP if not in use, or switch to a more secure VPN protocol.', 'Use a Web Application Firewall (WAF) to filter and monitor HTTP requests.'], 'security_best_practices': ['Regularly audit your systems for vulnerabilities and apply necessary security controls.', 'Educate users about the risks associated with insecure configurations and the importance of security hygiene.']}",Yes
CVE-2024-52029,2024-11-05 16:15:27.573000+01:00,2024-11-05 17:35:57.397000+01:00,5.70,CVSS:3.1/AV:A/AC:L/PR:L/UI:N/S:U/C:N/I:N/A:H,Netgear R7000P,1.3.3.154,app,Netgear,Linux All versions that can run Netgear R7000P firmware v1.3.3.154,Yes,N/A,N/A,Yes,1,No,N/A,N/A,"{'technical_adjustments': ['Implement strict input validation for the pptp_user_netmask parameter to prevent stack overflow.', 'Configure the router to limit the size of incoming POST requests.'], 'immediate_containment': ['Isolate affected devices from the network until a patch is available.', 'Monitor network traffic for unusual patterns that may indicate exploitation attempts.'], 'enhanced_monitoring': [""Set up alerts for any failed login attempts or unusual access patterns to the router's management interface."", 'Regularly review logs for signs of unauthorized access or anomalies.'], 'long_term_risk_management': ['Establish a routine for applying firmware updates and security patches as they become available.', 'Conduct regular security assessments and vulnerability scans on network devices.'], 'attack_vectors': [""Attackers may exploit the vulnerability by sending crafted POST requests to the router's genie_pptp.cgi endpoint."", 'Denial of Service (DoS) attacks can be executed by overwhelming the router with malicious input.'], 'alternative_solutions': ['Consider using a different router model that does not have this vulnerability until a patch is released.', 'Implement a Web Application Firewall (WAF) to filter and monitor HTTP requests to the router.'], 'security_best_practices': ['Change default credentials and use strong, unique passwords for router access.', 'Disable unnecessary services and features on the router to reduce the attack surface.']}",Yes
CVE-2024-52028,2024-11-05 16:15:27.483000+01:00,2024-11-05 17:35:51.053000+01:00,5.70,CVSS:3.1/AV:A/AC:L/PR:L/UI:N/S:U/C:N/I:N/A:H,Netgear R7000P,1.3.3.154,app,Netgear,Linux All versions that can run Netgear R7000P firmware v1.3.3.154,Yes,N/A,N/A,Yes,1,No,N/A,N/A,"{'technical_adjustments': ['Implement strict input validation for the pptp_user_netmask parameter to prevent stack overflow.', 'Configure the router to limit the size of incoming POST requests.'], 'immediate_containment': ['Isolate affected devices from the network until a patch is available.', 'Monitor network traffic for unusual patterns that may indicate exploitation attempts.'], 'enhanced_monitoring': [""Set up alerts for any failed login attempts or unusual access patterns to the router's management interface."", 'Regularly review logs for signs of unauthorized access or anomalies.'], 'long_term_risk_management': ['Establish a routine for applying firmware updates and security patches as they become available.', 'Conduct regular security assessments and vulnerability scans on network devices.'], 'attack_vectors': [""Attackers may exploit the vulnerability by sending crafted POST requests to the router's management interface."", 'Potential consequences include Denial of Service (DoS) and unauthorized access to the router.'], 'alternative_solutions': ['Consider using a different router model that does not have this vulnerability.', 'Implement a Web Application Firewall (WAF) to filter and monitor HTTP requests.'], 'security_best_practices': ['Change default credentials and use strong, unique passwords for router access.', 'Disable remote management features unless absolutely necessary.']}",Yes
CVE-2024-52026,2024-11-05 16:15:27.397000+01:00,2024-11-05 17:35:48.997000+01:00,5.70,CVSS:3.1/AV:A/AC:L/PR:L/UI:N/S:U/C:N/I:N/A:H,"Netgear XR300, R7000P, R6400","v1.0.3.78, v1.3.3.154, v1.0.4.128",app,Netgear,N/A,No,N/A,N/A,Yes,1,No,N/A,N/A,"{'recommendations': ['Implement strict input validation for the pppoe_localip parameter to prevent stack overflow.', 'Utilize a Web Application Firewall (WAF) to filter and monitor HTTP requests for malicious payloads.', 'Regularly audit and monitor your systems for unusual activity or unauthorized access attempts.', 'Isolate affected devices from the network until a patch is available.', 'Consider disabling unnecessary services or features on the affected routers to reduce the attack surface.'], 'technical_adjustments': ['Configure the router to limit the length of input for the pppoe_localip parameter.', 'Ensure that all firmware is up to date and regularly check for security advisories from the vendor.'], 'long_term_risk_management': ['Establish a routine for applying security updates and patches as they become available.', 'Develop a security policy that includes regular vulnerability assessments and penetration testing.'], 'attack_vectors': ['Attackers may exploit the stack overflow vulnerability by sending crafted POST requests to the affected routers.', 'Potential consequences include Denial of Service (DoS) attacks, leading to service outages.'], 'alternative_solutions': ['If possible, replace affected devices with models that do not have known vulnerabilities.', 'Consider using alternative network configurations that do not rely on vulnerable services.'], 'security_best_practices': ['Implement network segmentation to limit the impact of potential attacks.', 'Educate users about the risks of using default credentials and encourage strong password policies.']}",Yes
CVE-2024-52025,2024-11-05 16:15:27.313000+01:00,2024-11-05 17:35:46.960000+01:00,5.70,CVSS:3.1/AV:A/AC:L/PR:L/UI:N/S:U/C:N/I:N/A:H,"Netgear XR300, R7000P, R6400v2","v1.0.3.78, v1.3.3.154, v1.0.4.128",app,Netgear,Linux All versions that can run Netgear routers,Yes,N/A,N/A,Yes,1,No,N/A,N/A,"{'technical_adjustments': ['Implement strict input validation for the pppoe_localip parameter to prevent stack overflow.', 'Configure the router to limit the size of incoming requests.'], 'immediate_containment': ['Isolate affected devices from the network until a patch is available.', 'Monitor network traffic for unusual patterns that may indicate exploitation attempts.'], 'enhanced_monitoring': ['Set up alerts for any POST requests to /pppoe.cgi and /openvpn_crt_update.cgi with unusually large payloads.', 'Regularly review logs for any signs of unauthorized access or anomalies.'], 'long_term_risk_management': ['Establish a routine for applying firmware updates and security patches as they become available.', 'Conduct regular security assessments and vulnerability scans on network devices.'], 'attack_vectors': ['Attackers may exploit the stack overflow via crafted POST requests to crash the router, leading to a Denial of Service (DoS).'], 'alternative_solutions': ['Consider using a different router model that does not have this vulnerability until a patch is released.', 'Implement a Web Application Firewall (WAF) to filter and monitor HTTP requests.'], 'security_best_practices': ['Regularly update all network devices to the latest firmware.', 'Educate users about the risks of unsecured network configurations.']}",Yes
CVE-2024-52024,2024-11-05 16:15:27.233000+01:00,2024-11-05 17:35:44.920000+01:00,5.70,CVSS:3.1/AV:A/AC:L/PR:L/UI:N/S:U/C:N/I:N/A:H,"Netgear XR300, R7000P, R6400","v1.0.3.78, v1.3.3.154, v1.0.4.128",app,Netgear,N/A,No,N/A,N/A,Yes,1,No,N/A,N/A,"{'recommendations': ['Implement input validation for the pppoe_localip parameter to prevent stack overflow.', 'Use a Web Application Firewall (WAF) to filter and monitor incoming traffic for malicious payloads.', 'Regularly audit your systems for vulnerabilities and apply security patches as they become available.', 'Isolate affected devices from the network until a patch is available.', 'Enhance monitoring for unusual traffic patterns that may indicate an attempted exploit of this vulnerability.'], 'technical_adjustments': ['Configure firewalls to block unauthorized access to wizpppoe.cgi.', 'Limit access to the management interface of the affected devices to trusted IP addresses only.'], 'long_term_risk_management': ['Establish a routine for reviewing and updating security policies and practices.', 'Educate users about the risks associated with network devices and the importance of security updates.'], 'attack_vectors': ['Attackers may exploit this vulnerability by sending crafted POST requests to the affected devices, leading to a Denial of Service (DoS).'], 'additional_security_best_practices': ['Ensure all network devices are running the latest firmware versions.', 'Regularly back up device configurations to facilitate recovery in case of an attack.']}",Yes
CVE-2024-52023,2024-11-05 16:15:27.157000+01:00,2024-11-05 17:35:41.013000+01:00,5.70,CVSS:3.1/AV:A/AC:L/PR:L/UI:N/S:U/C:N/I:N/A:H,"Netgear XR300, R7000P, R6400","v1.0.3.78, v1.3.3.154, v1.0.4.128",app,Netgear,null null,Yes,N/A,N/A,Yes,1,No,N/A,N/A,"{'recommendations': ['Implement input validation on the pppoe_localip parameter to prevent stack overflow attacks.', 'Use a Web Application Firewall (WAF) to filter and monitor HTTP requests for malicious payloads.', 'Regularly audit your systems for vulnerabilities and apply security patches as they become available.', 'Monitor network traffic for unusual patterns that may indicate an attempted exploit of this vulnerability.', 'Isolate affected devices from critical network segments to limit potential impact in case of an attack.'], 'technical_adjustments': ['Disable unnecessary services on the affected devices to reduce the attack surface.', 'Configure logging to capture detailed information about incoming requests to pppoe2.cgi for forensic analysis.'], 'long_term_risk_management': ['Establish a routine for reviewing and updating security policies to adapt to emerging threats.', 'Educate users about the risks associated with network devices and the importance of security best practices.'], 'attack_vectors': ['Attackers may exploit the stack overflow via crafted POST requests targeting the pppoe_localip parameter.', 'Denial of Service (DoS) attacks can be executed by overwhelming the device with malicious requests.'], 'alternative_solutions': ['Consider replacing vulnerable devices with updated models that have robust security features.', 'If a patch becomes available, prioritize its deployment to mitigate the identified vulnerability.'], 'security_best_practices': ['Regularly back up device configurations and data to facilitate recovery in case of a successful attack.', 'Implement network segmentation to limit the spread of potential attacks.']}",Yes
CVE-2024-52022,2024-11-05 16:15:27.070000+01:00,2024-11-05 17:35:40.237000+01:00,8.00,CVSS:3.1/AV:A/AC:L/PR:L/UI:N/S:U/C:H/I:H/A:H,"Netgear R8500, XR300, R7000P, R6400","v1.0.2.160, v1.0.3.78, v1.3.3.154, v1.0.4.128",app,Netgear,N/A,No,N/A,N/A,Yes,1,No,N/A,N/A,"{'technical_adjustments': [""Implement input validation on the 'apmode_gateway' parameter to prevent command injection."", 'Disable remote management features if not needed.'], 'immediate_containment': ['Isolate affected devices from the network until a patch is available.', 'Monitor network traffic for unusual activity related to the affected devices.'], 'enhanced_monitoring': ['Set up alerts for any unauthorized access attempts or command execution on the routers.', 'Regularly review logs for suspicious activities.'], 'long_term_risk_management': ['Establish a regular update schedule for firmware and security patches.', 'Conduct periodic security assessments and vulnerability scans.'], 'attack_vectors': ['Attackers may exploit the command injection vulnerability via crafted HTTP requests.', 'Potential consequences include unauthorized access to the router and execution of arbitrary commands.'], 'alternative_solutions': ['Consider using a different router model that does not have this vulnerability.', 'Implement a Web Application Firewall (WAF) to filter and monitor HTTP requests.'], 'security_best_practices': ['Change default credentials and use strong, unique passwords for router access.', 'Regularly back up router configurations and settings.']}",Yes
CVE-2024-52021,2024-11-05 16:15:26.997000+01:00,2024-11-05 17:35:39.440000+01:00,8.00,CVSS:3.1/AV:A/AC:L/PR:L/UI:N/S:U/C:H/I:H/A:H,Netgear R8500,1.0.2.160,app,Netgear,N/A,No,N/A,N/A,Yes,1,No,N/A,N/A,"{'recommendations': [""Implement strict input validation for the 'wan_gateway' parameter to prevent command injection."", 'Utilize a Web Application Firewall (WAF) to filter and monitor HTTP requests for malicious payloads.', 'Regularly audit and monitor system logs for unusual activity that may indicate exploitation attempts.', 'Isolate affected devices from the network until a patch is available to prevent potential exploitation.', 'Educate users on the risks of command injection and the importance of securing network devices.'], 'technical_adjustments': ['Disable remote management features if not needed.', 'Change default credentials and enforce strong password policies for device access.'], 'long_term_risk_management': ['Establish a routine for applying firmware updates and security patches as they become available.', 'Develop a security policy that includes regular vulnerability assessments and penetration testing.'], 'attack_vectors': [""Attackers may exploit the command injection vulnerability by sending crafted requests to the router's web interface."", 'Potential consequences include unauthorized access to the device, data exfiltration, or further network compromise.'], 'alternative_solutions': ['Consider using alternative router models that do not have known vulnerabilities.', 'Implement network segmentation to limit the impact of potential exploits.'], 'security_best_practices': ['Regularly back up device configurations and data.', 'Keep an inventory of all network devices and their firmware versions to ensure timely updates.']}",Yes
CVE-2024-52020,2024-11-05 16:15:26.917000+01:00,2024-11-05 17:35:38.663000+01:00,8.00,CVSS:3.1/AV:A/AC:L/PR:L/UI:N/S:U/C:H/I:H/A:H,Netgear R8500,1.0.2.160,app,Netgear,N/A,No,N/A,N/A,Yes,1,No,N/A,N/A,"{'recommendations': [""Implement strict input validation for the 'wan_gateway' parameter to prevent command injection."", 'Utilize a Web Application Firewall (WAF) to filter and monitor HTTP requests for malicious payloads.', 'Regularly audit and monitor system logs for unusual activity that may indicate exploitation attempts.', 'Isolate affected devices from the network until a patch is available to minimize exposure.', 'Educate users on the risks of command injection and the importance of secure configurations.'], 'technical_adjustments': ['Disable remote management features if not needed.', 'Change default credentials and enforce strong password policies.'], 'long_term_risk_management': ['Establish a regular patch management process to ensure timely updates.', 'Review and update security policies to include measures against command injection vulnerabilities.'], 'attack_vectors': [""Exploitation through crafted HTTP requests targeting the 'wan_gateway' parameter."", 'Potential for remote code execution leading to unauthorized access to the device.'], 'additional_best_practices': ['Conduct regular security assessments and penetration testing.', 'Keep firmware and software up to date with the latest security patches.']}",Yes
CVE-2024-52019,2024-11-05 16:15:26.833000+01:00,2024-11-05 18:35:31.593000+01:00,8.00,CVSS:3.1/AV:A/AC:L/PR:L/UI:N/S:U/C:H/I:H/A:H,Netgear R8500,1.0.2.160,app,Netgear,N/A,No,N/A,N/A,Yes,1,No,N/A,N/A,"{'technical_adjustments': [""Implement strict input validation for the 'wan_gateway' parameter to prevent command injection."", 'Configure the router to limit access to trusted IP addresses only.'], 'immediate_containment': ['Disable remote management features on the router until a patch is available.', 'Monitor network traffic for unusual activity that may indicate exploitation attempts.'], 'enhanced_monitoring': [""Set up logging for all access attempts to the router's management interface."", 'Use intrusion detection systems to alert on suspicious commands or access patterns.'], 'long_term_risk_management': ['Regularly update router firmware and review security advisories from Netgear.', 'Establish a routine for auditing network devices for vulnerabilities.'], 'attack_vectors': [""Attackers may exploit the command injection vulnerability via crafted HTTP requests targeting the router's management interface.""], 'alternative_solutions': ['Consider using a different router model that does not have this vulnerability until a patch is released.'], 'security_best_practices': ['Change default credentials and use strong, unique passwords for router access.', 'Regularly back up router configurations and settings.']}",Yes
