cve-id,published_date,updated_date,cvss_score,cvss_vector_v3,vulnerability_component_name,vulnerability_component_version,vulnerability_component_type,vendor_name,os_name_versions,os_version_specified,generated_cvss_vector,generated_cvss_score,Other_Environment_Restrictions,matadonnées_conformitie,patch_availability,lien_vers_le_patch,patch_date,mitigation_measures,Mitigation_availability,impact_level
CVE-2024-51746,2024-11-05 20:15:08.300000+01:00,2024-11-05 20:15:08.300000+01:00,0.00,,gitsign,<0.11.0,app,GitHub,N/A,No,CVSS:3.1/AV:N/AC:L/PR:N/UI:N/S:U/C:N/I:L/A:N,5.3,Yes,1,Yes,https://github.com/sigstore/gitsign/security/advisories/GHSA-8pmp-678w-c8xx,2024-11-05,N/A,No,Medium
CVE-2024-51740,2024-11-05 20:15:08.087000+01:00,2024-11-05 20:15:08.087000+01:00,4.30,CVSS:3.1/AV:N/AC:L/PR:L/UI:N/S:U/C:N/I:N/A:L,iTop,"< 2.7.11, < 3.0.5, < 3.1.2, < 3.2.0",webapp,Combodo,N/A,No,N/A,N/A,Yes,1,Yes,https://github.com/Combodo/iTop/security/advisories/GHSA-w9g8-mxm5-ph62,2024-11-05,N/A,No,Medium
CVE-2024-51735,2024-11-05 20:15:07.947000+01:00,2024-11-05 20:15:07.947000+01:00,0.00,,Osmedeus,<= 4.6.4,webapp,GitHub,N/A,No,CVSS:3.1/AV:N/AC:L/PR:N/UI:R/S:C/C:H/I:H/A:N,9.3,Yes,1,No,N/A,N/A,"{'recommendations': ['Implement input validation to sanitize user inputs and prevent XSS attacks.', 'Utilize a Web Application Firewall (WAF) to filter and monitor HTTP requests.', 'Regularly audit your systems for vulnerabilities and monitor for suspicious activity.', 'Encourage users to apply their own filtering mechanisms for report generation.', 'Reach out to the developer for assistance in developing a patch.'], 'technical_adjustments': ['Modify the report generation process to include proper content filtering.', 'Limit the types of content that can be included in reports to prevent execution of arbitrary commands.'], 'immediate_containment': ['Isolate affected systems from the network until a solution is implemented.', 'Disable the summary module in workflows until a fix is available.'], 'long_term_risk_management': ['Establish a security policy that includes regular updates and patch management.', 'Conduct training for developers on secure coding practices to prevent similar vulnerabilities.'], 'attack_vectors': ['XSS through unfiltered content in reports leading to Remote Code Execution (RCE).', 'Exploitation of the summary module in workflows that generate HTML and Markdown reports.'], 'additional_best_practices': ['Implement Content Security Policy (CSP) headers to mitigate XSS risks.', 'Regularly update all software components to their latest versions.']}",Yes,Critical
CVE-2024-51493,2024-11-05 20:15:07.730000+01:00,2024-11-05 20:15:07.730000+01:00,5.30,CVSS:3.1/AV:L/AC:L/PR:L/UI:N/S:U/C:L/I:L/A:L,OctoPrint,1.10.2,app,null,N/A,No,N/A,N/A,Yes,1,Yes,https://github.com/OctoPrint/OctoPrint/security/advisories/GHSA-cc6x-8cc7-9953,2024-11-05,N/A,No,Medium
CVE-2024-51382,2024-11-05 20:15:07.640000+01:00,2024-11-05 20:15:07.640000+01:00,0.00,,JATOS,3.9.3,webapp,null,N/A,No,CVSS:3.1/AV:N/AC:L/PR:N/UI:R/S:C/C:H/I:H/A:N,9.3,Yes,1,Yes,https://hacking-notes.medium.com/cve-2024-51382-jatos-v3-9-3-csrf-admin-password-reset-1adeff0386ed,2024-11-05,N/A,No,Critical
CVE-2024-51381,2024-11-05 20:15:07.550000+01:00,2024-11-05 20:15:07.550000+01:00,0.00,,JATOS,3.9.3,webapp,null,N/A,No,CVSS:3.1/AV:N/AC:L/PR:N/UI:R/S:C/C:H/I:H/A:N,9.3,Yes,1,Yes,https://hacking-notes.medium.com/cve-2024-51381-jatos-v3-9-3-csrf-admin-account-creation-94035f24d0be,2024-11-05,N/A,No,Critical
CVE-2024-51380,2024-11-05 20:15:07.470000+01:00,2024-11-05 20:15:07.470000+01:00,0.00,,JATOS,3.9.3,webapp,null,N/A,No,CVSS:3.1/AV:N/AC:L/PR:N/UI:R/S:U/C:H/I:H/A:N,8.1,Yes,1,Yes,https://hacking-notes.medium.com/cve-2024-51380-jatos-v3-9-3-stored-xss-properties-component-44aea338ee9c,2024-11-05,N/A,No,High
CVE-2024-51379,2024-11-05 20:15:07.373000+01:00,2024-11-05 20:15:07.373000+01:00,0.00,,JATOS,3.9.3,webapp,null,N/A,No,CVSS:3.1/AV:N/AC:L/PR:N/UI:R/S:U/C:H/I:H/A:N,8.1,Yes,1,Yes,https://hacking-notes.medium.com/cve-2024-51379-jatos-v3-9-3-stored-xss-description-component-de49d0077a96,2024-11-05,N/A,No,High
CVE-2024-51240,2024-11-05 20:15:07.283000+01:00,2024-11-05 20:15:07.283000+01:00,0.00,,luci-mod-rpc,,webapp,OpenWRT,OpenWRT All versions,No,CVSS:3.1/AV:N/AC:L/PR:H/UI:N/S:U/C:H/I:H/A:N,6.5,Yes,1,No,N/A,N/A,"{'technical_adjustments': ['Disable the JSON-RPC-API if not in use.', 'Restrict access to the luci-mod-rpc package to trusted IP addresses only.'], 'immediate_containment': ['Change admin passwords to strong, unique passwords.', 'Monitor logs for unauthorized access attempts.'], 'enhanced_monitoring': ['Implement logging and alerting for API access.', 'Use intrusion detection systems to monitor for unusual activity.'], 'long_term_risk_management': ['Regularly review and update security policies.', 'Educate users on the risks of privilege escalation.'], 'attack_vectors': ['Exploitation via the JSON-RPC-API using valid admin credentials.', 'Potential for command execution as root if exploited.'], 'alternative_solutions': ['Consider using alternative firmware that does not have this vulnerability.', 'Regularly update and patch systems to mitigate risks.'], 'security_best_practices': ['Conduct regular security audits and vulnerability assessments.', 'Implement least privilege access controls for all users.']}",Yes,Medium
CVE-2024-50335,2024-11-05 20:15:07.060000+01:00,2024-11-05 20:15:07.060000+01:00,4.90,CVSS:3.1/AV:N/AC:L/PR:H/UI:N/S:U/C:H/I:N/A:N,SuiteCRM,"<=7.14.4, <=8.6.1",webapp,salesagility,N/A,No,N/A,N/A,Yes,0,Yes,https://github.com/salesagility/SuiteCRM/security/advisories/GHSA-8rw6-g96j-3w7m,2024-11-05,N/A,No,Medium
CVE-2024-50333,2024-11-05 20:15:06.840000+01:00,2024-11-05 20:15:06.840000+01:00,6.60,CVSS:3.1/AV:N/AC:H/PR:H/UI:N/S:U/C:H/I:H/A:H,SuiteCRM,"7.14.4, 8.6.2",app,salesagility,N/A,No,N/A,N/A,Yes,0,Yes,https://github.com/salesagility/SuiteCRM/security/advisories/GHSA-qrv6-3q86-qv89,2024-11-05,N/A,No,Medium
CVE-2024-50332,2024-11-05 20:15:06.623000+01:00,2024-11-05 20:15:06.623000+01:00,8.80,CVSS:3.1/AV:N/AC:L/PR:L/UI:N/S:U/C:H/I:H/A:H,SuiteCRM,"7.14.5, 8.7.0",app,salesagility,N/A,No,N/A,N/A,Yes,1,Yes,https://github.com/salesagility/SuiteCRM/security/advisories/GHSA-53xh-mjmq-j35p,2024-11-05,N/A,No,High
CVE-2024-49774,2024-11-05 20:15:06.410000+01:00,2024-11-05 20:15:06.410000+01:00,7.20,CVSS:3.1/AV:N/AC:L/PR:H/UI:N/S:U/C:H/I:H/A:H,SuiteCRM,"7.14.4, 8.6.2",app,salesagility,N/A,No,N/A,N/A,Yes,0,Yes,https://github.com/salesagility/SuiteCRM/security/advisories/GHSA-9v56-vhp4-x227,2024-11-05,N/A,No,High
CVE-2024-49773,2024-11-05 20:15:06.200000+01:00,2024-11-05 20:15:06.200000+01:00,5.30,CVSS:3.1/AV:N/AC:H/PR:L/UI:N/S:U/C:H/I:N/A:N,SuiteCRM,"7.14.5 and below, 8.6.2 and below",app,salesagility,N/A,No,N/A,N/A,Yes,0,Yes,https://github.com/salesagility/SuiteCRM/security/advisories/GHSA-5hr4-r43c-6qf7,2024-11-05,N/A,No,Medium
CVE-2024-49772,2024-11-05 20:15:05.970000+01:00,2024-11-05 20:15:05.970000+01:00,8.80,CVSS:3.1/AV:N/AC:L/PR:L/UI:N/S:U/C:H/I:H/A:H,SuiteCRM,7.14.4,app,salesagility,N/A,No,N/A,N/A,Yes,1,Yes,https://github.com/salesagility/SuiteCRM/security/advisories/GHSA-4xj8-hr85-hm3m,2024-11-05,N/A,No,High
CVE-2024-49377,2024-11-05 20:15:05.737000+01:00,2024-11-05 20:15:05.737000+01:00,5.50,CVSS:3.1/AV:A/AC:L/PR:N/UI:R/S:U/C:L/I:L/A:L,OctoPrint,1.10.2,app,OctoPrint,N/A,No,N/A,N/A,Yes,1,Yes,https://github.com/OctoPrint/OctoPrint/security/advisories/GHSA-xvxq-g8hw-fx4g,2024-11-05,N/A,No,Medium
CVE-2024-0134,2024-11-05 20:15:05.203000+01:00,2024-11-05 20:15:05.203000+01:00,4.10,CVSS:3.1/AV:N/AC:L/PR:L/UI:R/S:C/C:N/I:L/A:N,NVIDIA Container Toolkit,All versions up to and including v1.16.2,app,NVIDIA,Linux All versions up to and including v1.16.2,Yes,N/A,N/A,Yes,1,Yes,https://nvidia.custhelp.com/app/answers/detail/a_id/5585,2024-11-05,N/A,No,Medium
CVE-2024-51739,2024-11-05 19:15:16.547000+01:00,2024-11-05 19:15:16.547000+01:00,7.50,CVSS:3.1/AV:N/AC:L/PR:N/UI:N/S:U/C:H/I:N/A:N,iTop,"< 2.7.11, < 3.0.5, < 3.1.2, < 3.2.0",webapp,Combodo,N/A,No,N/A,N/A,Yes,1,Yes,https://github.com/Combodo/iTop/security/advisories/GHSA-2hmf-p27w-phf9,2024-11-05,N/A,No,High
CVE-2024-50138,2024-11-05 19:15:16.337000+01:00,2024-11-05 19:15:16.337000+01:00,0.00,,Linux kernel,,kernel,Linux Foundation,Linux 2.6.11,Yes,CVSS:3.1/AV:L/AC:L/PR:N/UI:N/S:U/C:N/I:N/A:N,0.0,Yes,1,No,N/A,N/A,"{'technical_adjustments': [""Switch the spinlock to raw_spinlock_t in the affected code to avoid 'sleep in atomic' warnings."", 'Review and update the kernel configuration to ensure proper locking mechanisms are in place.'], 'immediate_containment': ['Isolate affected systems from the network until a patch is available.', 'Limit access to the kernel features that utilize the BPF ring buffer.'], 'enhanced_monitoring': ['Implement logging for kernel warnings and errors to detect potential exploitation attempts.', 'Set up alerts for unusual system behavior that may indicate exploitation of this vulnerability.'], 'long_term_risk_management': ['Establish a regular patch management process to ensure timely updates to the kernel and related components.', 'Conduct periodic security assessments to identify and remediate vulnerabilities.'], 'attack_vectors': ['Potential exploitation through user-space applications that interact with the BPF subsystem.', 'Denial of service through improper locking mechanisms leading to system instability.'], 'alternative_solutions': ['Consider using alternative locking mechanisms that do not lead to sleeping in atomic contexts.', 'Evaluate the use of kernel features that do not rely on the BPF ring buffer until a patch is available.'], 'security_best_practices': ['Regularly audit kernel configurations and code for compliance with best practices.', 'Educate development teams on the implications of using blocking calls in atomic contexts.']}",Yes,None
CVE-2024-50137,2024-11-05 19:15:16.277000+01:00,2024-11-05 19:15:16.277000+01:00,0.00,,Linux kernel,,kernel,StarFive,Linux 2.6.11,Yes,CVSS:3.1/AV:L/AC:L/PR:N/UI:N/S:U/C:N/I:N/A:N,0.0,Yes,1,Yes,https://git.kernel.org/stable/c/2cf59663660799ce16f4dfbed97cdceac7a7fa11,2024-11-05,N/A,No,None
CVE-2024-51024,2024-11-05 16:15:26.037000+01:00,2024-11-05 21:35:25.253000+01:00,8.00,CVSS:3.1/AV:A/AC:L/PR:L/UI:N/S:U/C:H/I:H/A:H,D-Link DIR_823G,1.0.2B05,app,D-Link,Linux All versions,No,N/A,N/A,Yes,1,No,N/A,N/A,"{'recommendations': ['Implement input validation on the HostName parameter to prevent command injection.', 'Use a Web Application Firewall (WAF) to filter and monitor HTTP requests for malicious payloads.', 'Regularly audit your systems for unauthorized access and suspicious activity.', 'Isolate affected devices from critical network segments to limit potential damage.', 'Enhance logging and monitoring to detect unusual command executions or access patterns.', 'Educate users about the risks of command injection and the importance of secure coding practices.'], 'technical_adjustments': ['Disable remote management features if not needed.', 'Apply the principle of least privilege to user accounts interacting with the device.'], 'long_term_risk_management': ['Establish a regular patch management process to ensure timely updates.', 'Review and update security policies to include specific measures against command injection vulnerabilities.'], 'attack_vectors': ['Exploitation via crafted requests targeting the SetWanSettings function.', 'Potential for unauthorized command execution leading to system compromise.'], 'additional_security_best_practices': ['Conduct regular security assessments and penetration testing.', 'Keep firmware and software up to date with the latest security patches.']}",Yes,High
CVE-2024-51023,2024-11-05 16:15:25.943000+01:00,2024-11-05 22:35:11.923000+01:00,8.80,CVSS:3.1/AV:A/AC:L/PR:N/UI:N/S:U/C:H/I:H/A:H,D-Link DIR_823G,1.0.2B05,app,D-Link,Linux All versions,No,N/A,N/A,Yes,1,No,N/A,N/A,"{'recommendations': ['Implement strict input validation for the Address parameter in the SetNetworkTomographySettings function to prevent command injection.', 'Utilize a Web Application Firewall (WAF) to filter and monitor HTTP requests for malicious payloads.', 'Regularly audit and monitor your systems for unusual activity, especially around the network settings.', 'Isolate affected devices from the network until a patch is available to prevent exploitation.', 'Educate users about the risks of command injection and the importance of secure coding practices.'], 'technical_adjustments': ['Disable remote management features on the router if not needed.', 'Change default credentials and use strong, unique passwords for device access.'], 'long_term_risk_management': ['Establish a regular update schedule for firmware and security patches.', 'Implement a security policy that includes regular vulnerability assessments and penetration testing.'], 'attack_vectors': [""Attackers may exploit the command injection vulnerability by sending crafted requests to the router's API."", 'Potential consequences include unauthorized access to the device, data exfiltration, or further network compromise.'], 'alternative_solutions': ['Consider using alternative router models that do not have this vulnerability.', 'If possible, replace the affected device with a more secure option until a patch is released.'], 'security_best_practices': ['Ensure all network devices are on a separate VLAN to limit exposure.', 'Regularly back up device configurations and maintain a recovery plan.']}",Yes,High
CVE-2024-51022,2024-11-05 16:15:25.860000+01:00,2024-11-05 17:35:35+01:00,5.70,CVSS:3.1/AV:A/AC:L/PR:L/UI:N/S:U/C:N/I:N/A:H,Netgear XR300,1.0.3.78,app,Netgear,Linux all_versions,Yes,N/A,N/A,Yes,1,No,N/A,N/A,"{'technical_adjustments': [""Implement strict input validation for the 'ssid' parameter in the bridge_wireless_main.cgi script to prevent stack overflow."", ""Limit the maximum length of the 'ssid' input to a safe value to avoid buffer overflow conditions.""], 'immediate_containment': ['Disable remote management features on the Netgear XR300 router to limit exposure to potential attacks.', 'Monitor network traffic for unusual POST requests targeting the bridge_wireless_main.cgi endpoint.'], 'enhanced_monitoring': [""Set up logging and alerting for any failed login attempts or unusual access patterns to the router's management interface."", 'Regularly review logs for signs of exploitation attempts or unauthorized access.'], 'long_term_risk_management': ['Establish a regular update schedule for firmware and security patches from Netgear.', 'Educate users on the importance of changing default credentials and using strong passwords.'], 'attack_vectors': [""Attackers may exploit the vulnerability by sending crafted POST requests to the router's management interface, leading to a Denial of Service (DoS).""], 'alternative_solutions': ['Consider using a different router model that does not have this vulnerability until a patch is released.', 'Implement a Web Application Firewall (WAF) to filter and monitor HTTP requests to the router.'], 'security_best_practices': [""Regularly audit the router's configuration and security settings."", ""Ensure that the router's firmware is always up to date with the latest security patches.""]}",Yes,Medium
CVE-2024-9579,2024-11-05 18:15:07.667000+01:00,2024-11-05 18:15:07.667000+01:00,7.50,CVSS:3.1/AV:A/AC:H/PR:N/UI:N/S:U/C:H/I:H/A:H,,,,HP,N/A,No,N/A,N/A,Yes,1,No,N/A,N/A,"{'technical_adjustments': ['Implement strict input validation to sanitize user inputs.', 'Configure firewalls to restrict access to Poly video conferencing devices.'], 'immediate_containment': ['Isolate affected devices from the network until further analysis is conducted.'], 'enhanced_monitoring': ['Set up logging and monitoring for unusual access patterns or attempts to exploit the vulnerability.'], 'long_term_risk_management': ['Develop a security policy that includes regular updates and patches for all video conferencing devices.'], 'attack_vectors': ['Potential exploitation through crafted input during video conferencing sessions.'], 'alternative_solutions': ['Consider using alternative video conferencing solutions that have a proven security track record.'], 'security_best_practices': ['Regularly conduct security audits and vulnerability assessments on all networked devices.']}",Yes,High
CVE-2024-51021,2024-11-05 16:15:25.780000+01:00,2024-11-05 17:35:34.170000+01:00,8.00,CVSS:3.1/AV:A/AC:L/PR:L/UI:N/S:U/C:H/I:H/A:H,"Netgear XR300, R7000P, R6400","v1.0.3.78, v1.3.3.154, v1.0.4.128",app,Netgear,N/A,No,N/A,N/A,Yes,1,No,N/A,N/A,"{'recommendations': [""Implement input validation to sanitize user inputs, particularly for the 'wan_gateway' parameter."", 'Utilize a Web Application Firewall (WAF) to filter and monitor HTTP requests for malicious payloads.', 'Regularly audit your systems for vulnerabilities and monitor logs for suspicious activity.', 'Isolate affected devices from the network until a patch is available.', 'Educate users about the risks of command injection and encourage safe browsing practices.'], 'technical_adjustments': ['Disable remote management features if not needed.', ""Restrict access to the router's management interface to trusted IP addresses only.""], 'long_term_risk_management': ['Establish a regular update schedule for firmware and security patches.', 'Review and update security policies to include incident response plans for vulnerabilities.'], 'attack_vectors': ['Exploitation via crafted HTTP requests targeting the vulnerable parameter.', 'Potential for unauthorized command execution leading to system compromise.'], 'additional_security_best_practices': ['Ensure all devices are running the latest firmware versions.', 'Implement network segmentation to limit the impact of potential exploits.']}",Yes,High
CVE-2024-51020,2024-11-05 16:15:25.700000+01:00,2024-11-05 17:35:33.313000+01:00,5.70,CVSS:3.1/AV:A/AC:L/PR:L/UI:N/S:U/C:N/I:N/A:H,Netgear R7000P,1.3.3.154,app,Netgear,Linux all_versions,Yes,N/A,N/A,Yes,1,No,N/A,N/A,"{'recommendations': [""Implement strict input validation for the 'apn' parameter in the usbISP_detail_edit.cgi function to prevent stack overflow."", 'Utilize a Web Application Firewall (WAF) to filter and monitor HTTP requests for malicious payloads.', 'Regularly audit and monitor system logs for unusual activity or patterns that may indicate an attempted exploit.', 'Isolate the affected systems from the internet if possible, or restrict access to trusted IP addresses only.', 'Consider implementing rate limiting on POST requests to the vulnerable endpoint to mitigate potential DoS attacks.', 'Educate users about the risks of using default configurations and encourage them to change default credentials and settings.'], 'technical_adjustments': [""Modify the router's configuration to disable remote management features if not needed."", 'Ensure that the firmware is regularly updated to the latest version provided by the vendor.'], 'long_term_risk_management': ['Establish a routine for applying security patches and updates as they become available.', 'Develop a security policy that includes regular vulnerability assessments and penetration testing.'], 'attack_vectors': ['Attackers may exploit the vulnerability by sending crafted POST requests to the usbISP_detail_edit.cgi endpoint, leading to a Denial of Service (DoS).'], 'security_best_practices': ['Implement network segmentation to limit the impact of potential exploits.', 'Use strong, unique passwords for all devices and change them regularly.']}",Yes,Medium
CVE-2024-51019,2024-11-05 16:15:25.627000+01:00,2024-11-05 17:35:32.493000+01:00,5.70,CVSS:3.1/AV:A/AC:L/PR:L/UI:N/S:U/C:N/I:N/A:H,Netgear R7000P,1.3.3.154,app,Netgear,Linux All versions that can run Netgear R7000P,Yes,N/A,N/A,Yes,1,No,N/A,N/A,"{'technical_adjustments': ['Implement strict input validation for the pppoe_localnetmask and pppoe_user_ip parameters to prevent stack overflow.', 'Configure the router to limit the size of incoming POST requests.'], 'immediate_containment': ['Isolate affected devices from the network until a patch is available.', 'Monitor network traffic for unusual patterns that may indicate exploitation attempts.'], 'enhanced_monitoring': [""Set up alerts for any failed login attempts or unusual access patterns to the router's management interface."", 'Regularly review logs for signs of unauthorized access or anomalies.'], 'long_term_risk_management': ['Establish a routine for applying firmware updates and security patches as they become available.', 'Conduct regular security assessments and vulnerability scans on network devices.'], 'attack_vectors': [""Attackers may exploit the vulnerability by sending crafted POST requests to the router's pppoe.cgi endpoint."", 'Denial of Service (DoS) attacks can be executed by overwhelming the router with malicious input.'], 'alternative_solutions': ['Consider using a different router model that does not have this vulnerability until a patch is released.', 'Utilize a Web Application Firewall (WAF) to filter and monitor HTTP requests to the router.'], 'security_best_practices': ['Change default credentials and use strong, unique passwords for router access.', 'Disable remote management features unless absolutely necessary.']}",Yes,Medium
CVE-2024-50136,2024-11-05 19:15:16.213000+01:00,2024-11-05 19:15:16.213000+01:00,0.00,,Linux kernel,,kernel,NVIDIA,Linux 2.6.11,Yes,CVSS:3.1/AV:L/AC:L/PR:N/UI:N/S:U/C:N/I:N/A:N,0.0,Yes,1,No,N/A,N/A,"{'technical_adjustments': ['Ensure that the eswitch is properly initialized before enabling it to avoid notifier registration issues.', 'Review and update the kernel configuration to ensure compatibility with the mlx5 driver.'], 'immediate_containment': ['Disable the eswitch feature if it is not in use to prevent potential warnings and issues.'], 'enhanced_monitoring': ['Implement logging for kernel messages to monitor for any warnings related to notifier registration.'], 'long_term_risk_management': ['Regularly update the Linux kernel to the latest stable version to incorporate security fixes and improvements.'], 'attack_vectors': ['Potential exploitation could occur during the initialization of the eswitch, leading to system instability or crashes.'], 'alternative_solutions': ['Consider using alternative network drivers that do not exhibit this issue until a patch is available.'], 'security_best_practices': ['Conduct regular security audits and vulnerability assessments on the kernel and associated drivers.']}",Yes,None
CVE-2024-50135,2024-11-05 19:15:16.153000+01:00,2024-11-05 19:15:16.153000+01:00,0.00,,Linux kernel,,kernel,Linux Foundation,Linux All versions affected by the Linux kernel containing the nvme-pci component,Yes,CVSS:3.1/AV:L/AC:L/PR:N/UI:N/S:U/C:N/I:N/A:L,4.0,Yes,1,No,N/A,N/A,"{'technical_adjustments': ['Lock the shutdown_lock mutex before using dev->online_queues to prevent race conditions.', 'Ensure that nvme_dev_disable() is not running before making changes to online queues.'], 'immediate_containment': ['Isolate affected systems from the network until a patch is available.', 'Monitor system logs for any unusual activity related to NVMe devices.'], 'enhanced_monitoring': ['Implement logging for nvme_reset_work and related functions to track any anomalies.', 'Set up alerts for any errors or warnings related to PCI IRQ handling.'], 'long_term_risk_management': ['Regularly update the Linux kernel to incorporate security fixes.', 'Establish a routine for reviewing and applying patches as they become available.'], 'attack_vectors': ['Potential exploitation during NVMe device resets could lead to system instability.', 'Race conditions may allow for denial of service or data corruption.'], 'alternative_solutions': ['Consider using alternative storage drivers that do not exhibit this vulnerability until a patch is available.', 'Evaluate the use of virtualization to isolate workloads that depend on NVMe devices.'], 'security_best_practices': ['Conduct regular security audits of the kernel and associated drivers.', 'Implement a robust incident response plan to address potential exploitation of vulnerabilities.']}",Yes,Medium
CVE-2024-50134,2024-11-05 19:15:16.093000+01:00,2024-11-05 19:15:16.093000+01:00,0.00,,Linux kernel,,kernel,null,Linux All versions affected by the Linux kernel containing the vboxvideo driver,Yes,CVSS:3.1/AV:L/AC:L/PR:N/UI:N/S:U/C:N/I:N/A:N,0.0,Yes,1,Yes,https://git.kernel.org/stable/c/9eb32bd23bbcec44bcbef27b7f282b7a7f3d0391,2024-11-01,N/A,No,None
CVE-2024-50133,2024-11-05 19:15:16.030000+01:00,2024-11-05 19:15:16.030000+01:00,0.00,,Linux kernel,,kernel,null,Linux All versions,No,CVSS:3.1/AV:L/AC:L/PR:N/UI:N/S:U/C:N/I:N/A:H,6.2,Yes,1,No,N/A,N/A,"{'technical_adjustments': ['Ensure that all tasks that may call stack_top() have a valid vDSO mapped.', 'Review and update kernel configurations to prevent kthreads from calling functions that require vDSO.'], 'immediate_containment': ['Isolate affected systems from the network until a patch is available.', 'Monitor system logs for any abnormal behavior related to task management.'], 'enhanced_monitoring': ['Implement logging for kernel panics and crashes to identify potential exploit attempts.', 'Set up alerts for unusual kernel activity or task behavior.'], 'long_term_risk_management': ['Regularly update the Linux kernel to the latest stable version to mitigate known vulnerabilities.', 'Establish a routine for vulnerability assessments and patch management.'], 'attack_vectors': ['Exploitation may occur through improperly configured kernel tasks that do not have a vDSO.', 'Potential consequences include system crashes and denial of service.'], 'alternative_solutions': ['Consider using alternative kernel configurations that do not rely on vDSO for critical tasks.', 'Evaluate the use of virtualization to isolate tasks that may be affected.'], 'security_best_practices': ['Conduct regular security training for system administrators on kernel vulnerabilities.', 'Implement a robust incident response plan to address potential kernel-related incidents.']}",Yes,Medium
CVE-2024-50132,2024-11-05 19:15:15.973000+01:00,2024-11-05 19:15:15.973000+01:00,0.00,,Linux kernel,6.11.0-rc7+,kernel,Linux Foundation,Linux 2.6.11,Yes,CVSS:3.1/AV:L/AC:L/PR:H/UI:N/S:U/C:N/I:H/A:N,4.4,Yes,1,Yes,https://git.kernel.org/stable/c/08ccd1a57c4d3882e9a877eb2dcc66e50a3b0279,2024-11-05,N/A,No,Medium
CVE-2024-50131,2024-11-05 19:15:15.917000+01:00,2024-11-05 19:15:15.917000+01:00,0.00,,Linux kernel,,kernel,Linux Foundation,Linux 2.6.11,Yes,CVSS:3.1/AV:L/AC:L/PR:N/UI:N/S:U/C:N/I:N/A:N,0.0,Yes,1,Yes,https://git.kernel.org/stable/c/5fd942598ddeed9a212d1ff41f9f5b47bcc990a7,2024-11-01,N/A,No,None
CVE-2024-50130,2024-11-05 19:15:15.850000+01:00,2024-11-05 19:15:15.850000+01:00,0.00,,Linux kernel,,kernel,Linux Foundation,Linux 2.6.11,Yes,CVSS:3.1/AV:L/AC:L/PR:H/UI:N/S:U/C:N/I:H/A:N,4.4,Yes,1,Yes,https://git.kernel.org/stable/c/1230fe7ad3974f7bf6c78901473e039b34d4fb1f,2024-11-05,N/A,No,Medium
CVE-2024-50129,2024-11-05 19:15:15.797000+01:00,2024-11-05 19:15:15.797000+01:00,0.00,,Linux kernel,,kernel,Linux Foundation,Linux 2.6.11,Yes,CVSS:3.1/AV:L/AC:L/PR:N/UI:N/S:U/C:N/I:N/A:N,0.0,Yes,1,Yes,https://git.kernel.org/stable/c/50ea68146d82f34b3ad80d8290ef8222136dedd7,2024-11-05,N/A,No,None
CVE-2024-50128,2024-11-05 19:15:15.730000+01:00,2024-11-05 19:15:15.730000+01:00,0.00,,Linux kernel,6.1.70,kernel,Linux Foundation,Linux 2.6.11,Yes,CVSS:3.1/AV:L/AC:L/PR:N/UI:N/S:U/C:N/I:N/A:N,0.0,Yes,1,Yes,https://git.kernel.org/stable/c/69076f8435c1c5dae5f814eaf4c361d1f00b22a3,2024-11-01,N/A,No,None
CVE-2024-50127,2024-11-05 19:15:15.670000+01:00,2024-11-05 19:15:15.670000+01:00,0.00,,Linux kernel,,kernel,Linux Foundation,Linux 2.6.11,Yes,CVSS:3.1/AV:L/AC:L/PR:N/UI:N/S:U/C:N/I:N/A:H,6.2,Yes,1,Yes,https://git.kernel.org/stable/c/999612996df28d81f163dad530d7f8026e03aec6,2024-11-01,N/A,No,Medium
CVE-2024-50126,2024-11-05 19:15:15.607000+01:00,2024-11-05 19:15:15.607000+01:00,0.00,,Linux kernel,6.11.0-rc1,kernel,Linux Foundation,Linux 2.6.11,Yes,CVSS:3.1/AV:L/AC:L/PR:N/UI:N/S:U/C:N/I:H/A:N,6.2,Yes,1,Yes,https://git.kernel.org/stable/c/e4369cb6acf6b895ac2453cc1cdf2f4326122c6d,2024-11-01,N/A,No,Medium
CVE-2024-50125,2024-11-05 19:15:15.550000+01:00,2024-11-05 19:15:15.550000+01:00,0.00,,Linux kernel,,kernel,Linux Foundation,Linux 2.6.11,Yes,CVSS:3.1/AV:N/AC:L/PR:N/UI:N/S:U/C:N/I:N/A:N,0.0,Yes,1,Yes,https://git.kernel.org/stable/c/80b05fbfa998480fb3d5299d93eab946f51e9c36,2024-11-01,N/A,No,None
CVE-2024-50124,2024-11-05 19:15:15.487000+01:00,2024-11-05 19:15:15.487000+01:00,0.00,,Linux kernel,,kernel,Linux Foundation,Linux 2.6.11,Yes,CVSS:3.1/AV:N/AC:L/PR:N/UI:N/S:U/C:N/I:N/A:L,5.3,Yes,1,Yes,https://git.kernel.org/stable/c/14bcb721d241e62fdd18f6f434a2ed2ab6e71a9b,2024-11-05,N/A,No,Medium
CVE-2024-50123,2024-11-05 19:15:15.367000+01:00,2024-11-05 19:15:15.367000+01:00,0.00,,Linux kernel,,kernel,Linux Foundation,Linux 2.6.11,Yes,CVSS:3.1/AV:L/AC:L/PR:N/UI:N/S:U/C:N/I:N/A:N,0.0,Yes,1,Yes,https://git.kernel.org/stable/c/6d79f12c0ce2bc8ff5f109093df1734bd6450615,2024-11-01,N/A,No,None
CVE-2024-50122,2024-11-05 19:15:15.210000+01:00,2024-11-05 19:15:15.210000+01:00,0.00,,Linux kernel,,kernel,Linux Foundation,Linux 2.6.11,Yes,CVSS:3.1/AV:L/AC:L/PR:N/UI:N/S:U/C:N/I:N/A:H,6.2,Yes,1,Yes,https://git.kernel.org/stable/c/1d59d474e1cb7d4fdf87dfaf96f44647f13ea590,2024-11-05,N/A,No,Medium
CVE-2024-50121,2024-11-05 19:15:15.080000+01:00,2024-11-05 19:15:15.080000+01:00,0.00,,Linux kernel,6.12.0-rc3+,kernel,Linux Foundation,Linux 2.6.11,Yes,CVSS:3.1/AV:N/AC:L/PR:N/UI:N/S:U/C:N/I:N/A:H,7.5,Yes,1,Yes,https://git.kernel.org/stable/c/d5ff2fb2e7167e9483846e34148e60c0c016a1f6,2024-10-21,N/A,No,High
CVE-2024-50120,2024-11-05 19:15:15.023000+01:00,2024-11-05 19:15:15.023000+01:00,0.00,,Linux kernel,,kernel,Linux Foundation,Linux 2.6.11,Yes,CVSS:3.1/AV:N/AC:L/PR:N/UI:N/S:U/C:N/I:N/A:N,0.0,Yes,1,No,N/A,N/A,"{'technical_adjustments': ['Implement error handling for memory allocation failures in the SMB client.', 'Ensure that any sensitive information is cleared from memory after use.'], 'immediate_containment': ['Isolate affected systems from the network until a patch is available.'], 'enhanced_monitoring': ['Set up logging for SMB client activities to detect any unusual behavior.'], 'long_term_risk_management': ['Regularly review and update security policies to include handling of memory allocation errors.'], 'attack_vectors': ['Potential exploitation through SMB client interactions that could lead to denial of service.'], 'alternative_solutions': ['Consider using alternative file sharing protocols that do not rely on the vulnerable SMB implementation.'], 'security_best_practices': ['Regularly update the Linux kernel and associated packages to the latest stable versions.', 'Conduct periodic security assessments and vulnerability scans.']}",Yes,None
CVE-2024-50119,2024-11-05 19:15:14.957000+01:00,2024-11-05 19:15:14.957000+01:00,0.00,,Linux kernel,,kernel,Linux Foundation,Linux 2.6.11,Yes,CVSS:3.1/AV:L/AC:L/PR:N/UI:N/S:U/C:N/I:N/A:N,0.0,Yes,1,Yes,https://git.kernel.org/stable/c/2ce1007f42b8a6a0814386cb056feb28dc6d6091,2024-10-23,N/A,No,None
CVE-2024-50118,2024-11-05 19:15:14.887000+01:00,2024-11-05 19:15:14.887000+01:00,0.00,,Linux kernel,,kernel,Linux Foundation,Linux 2.6.11,Yes,CVSS:3.1/AV:L/AC:L/PR:N/UI:N/S:U/C:N/I:H/A:N,6.2,Yes,1,Yes,https://git.kernel.org/stable/c/23724398b55d9570f6ae79dd2ea026fff8896bf1,2024-11-01,N/A,No,Medium
CVE-2024-50117,2024-11-05 19:15:14.823000+01:00,2024-11-05 19:15:14.823000+01:00,0.00,,Linux kernel,,kernel,AMD,Linux 2.6.11,Yes,CVSS:3.1/AV:L/AC:L/PR:N/UI:N/S:U/C:N/I:N/A:H,6.2,Yes,1,Yes,https://git.kernel.org/stable/c/975ede2a7bec52b5da1428829b3439667c8a234b,2024-11-01,N/A,No,Medium
CVE-2024-50116,2024-11-05 19:15:14.763000+01:00,2024-11-05 19:15:14.763000+01:00,0.00,,Linux kernel,,kernel,Linux Foundation,Linux 2.6.11,Yes,CVSS:3.1/AV:L/AC:L/PR:N/UI:N/S:U/C:N/I:N/A:N,0.0,Yes,1,Yes,https://git.kernel.org/stable/c/743c78d455e784097011ea958b27396001181567,2024-11-01,N/A,No,None
CVE-2024-50115,2024-11-05 19:15:14.700000+01:00,2024-11-05 19:15:14.700000+01:00,0.00,,Linux kernel,,kernel,Linux Foundation,Linux 2.6.11,Yes,CVSS:3.1/AV:L/AC:L/PR:H/UI:N/S:U/C:H/I:N/A:N,4.4,Yes,1,Yes,https://git.kernel.org/stable/c/426682afec71ea3f889b972d038238807b9443e4,2024-11-01,N/A,No,Medium
CVE-2024-50114,2024-11-05 19:15:14.630000+01:00,2024-11-05 19:15:14.630000+01:00,0.00,,Linux kernel,6.11.0-rc6,kernel,Linux Foundation,Linux 2.6.11,Yes,CVSS:3.1/AV:L/AC:L/PR:H/UI:N/S:U/C:N/I:N/A:H,4.4,Yes,1,Yes,https://git.kernel.org/stable/c/6bcc2890b883ba1d16b8942937750565f6e9db0d,2024-11-01,N/A,No,Medium
CVE-2024-50113,2024-11-05 19:15:14.560000+01:00,2024-11-05 19:15:14.560000+01:00,0.00,,Linux kernel,,kernel,Linux Foundation,Linux 2.6.11,Yes,CVSS:3.1/AV:A/AC:L/PR:N/UI:N/S:U/C:N/I:N/A:H,6.5,Yes,1,Yes,https://git.kernel.org/stable/c/90753a38bc3d058820981f812a908a99f7b337c1,2024-11-01,N/A,No,Medium
CVE-2024-50112,2024-11-05 19:15:14.497000+01:00,2024-11-05 19:15:14.497000+01:00,0.00,,Linux kernel,,kernel,Linux,Linux 2.6.11,Yes,CVSS:3.1/AV:L/AC:L/PR:N/UI:N/S:U/C:N/I:N/A:N,0.0,Yes,1,Yes,https://git.kernel.org/stable/c/60a5ba560f296ad8da153f6ad3f70030bfa3958f,2024-11-01,N/A,No,None
CVE-2024-50111,2024-11-05 19:15:14.433000+01:00,2024-11-05 19:15:14.433000+01:00,0.00,,Linux kernel,6.12.0-rc1+,kernel,Linux,Linux 2.6.11,Yes,CVSS:3.1/AV:L/AC:L/PR:N/UI:N/S:U/C:N/I:N/A:L,4.0,Yes,1,Yes,https://git.kernel.org/stable/c/8915ed160dbd32b5ef5864df9a9fc11db83a77bb,2024-11-01,N/A,No,Medium
CVE-2024-50110,2024-11-05 19:15:14.370000+01:00,2024-11-05 19:15:14.370000+01:00,0.00,,Linux kernel,6.8.11,kernel,Linux Foundation,Linux 2.6.11,Yes,CVSS:3.1/AV:N/AC:L/PR:N/UI:N/S:U/C:H/I:N/A:N,7.5,Yes,1,Yes,https://git.kernel.org/stable/c/610d4cea9b442b22b4820695fc3335e64849725e,2024-11-01,N/A,No,High
CVE-2024-50109,2024-11-05 19:15:14.317000+01:00,2024-11-05 19:15:14.317000+01:00,0.00,,Linux kernel,,kernel,Linux Foundation,Linux 2.6.11,Yes,CVSS:3.1/AV:L/AC:L/PR:N/UI:N/S:U/C:N/I:N/A:H,6.2,Yes,1,Yes,https://git.kernel.org/stable/c/825711e00117fc686ab89ac36a9a7b252dc349c6,2024-10-17,N/A,No,Medium
CVE-2024-50108,2024-11-05 19:15:14.247000+01:00,2024-11-05 19:15:14.247000+01:00,0.00,,Linux kernel,,kernel,AMD,Linux 2.6.11,Yes,CVSS:3.1/AV:L/AC:L/PR:N/UI:N/S:U/C:N/I:N/A:L,4.0,Yes,1,Yes,https://git.kernel.org/stable/c/ba1959f71117b27f3099ee789e0815360b4081dd,2024-10-22,N/A,No,Medium
CVE-2024-50107,2024-11-05 19:15:14.177000+01:00,2024-11-05 19:15:14.177000+01:00,0.00,,Linux kernel,6.12.0-rc2,kernel,Linux Foundation,Linux 2.6.11,Yes,CVSS:3.1/AV:L/AC:L/PR:H/UI:N/S:U/C:N/I:N/A:L,2.3,Yes,1,Yes,https://git.kernel.org/stable/c/01c473e64cafe2231e51be140446388024e669e8,2024-11-01,N/A,No,Low
CVE-2024-50106,2024-11-05 19:15:14.120000+01:00,2024-11-05 19:15:14.120000+01:00,0.00,,Linux kernel,6.11.0-rc7+,kernel,Linux Foundation,Linux 2.6.11,Yes,CVSS:3.1/AV:N/AC:L/PR:N/UI:N/S:U/C:N/I:H/A:N,7.5,Yes,1,Yes,https://git.kernel.org/stable/c/8dd91e8d31febf4d9cca3ae1bb4771d33ae7ee5a,2024-11-05,N/A,No,High
CVE-2024-50105,2024-11-05 19:15:14.063000+01:00,2024-11-05 19:15:14.063000+01:00,0.00,,Linux kernel,,kernel,Qualcomm,Linux 2.6.11,Yes,CVSS:3.1/AV:L/AC:L/PR:N/UI:N/S:U/C:N/I:N/A:H,6.2,Yes,1,Yes,https://git.kernel.org/stable/c/176a41ebec42a921277cd34e8c0c2e776a9dd6c4,2024-11-05,N/A,No,Medium
CVE-2024-50104,2024-11-05 19:15:13.993000+01:00,2024-11-05 19:15:13.993000+01:00,0.00,,Linux kernel,6.12.0-rc2,kernel,Qualcomm,Linux All versions with kernel 6.12.0-rc2-qcomlt-arm64 and earlier,Yes,CVSS:3.1/AV:L/AC:L/PR:N/UI:N/S:U/C:N/I:N/A:H,6.2,Yes,1,Yes,https://git.kernel.org/stable/c/d0e806b0cc6260b59c65e606034a63145169c04c,2024-11-05,N/A,No,Medium
CVE-2024-50103,2024-11-05 19:15:13.930000+01:00,2024-11-05 19:15:13.930000+01:00,0.00,,Linux kernel,,kernel,Linux Foundation,Linux 2.6.11,Yes,CVSS:3.1/AV:L/AC:L/PR:N/UI:N/S:U/C:N/I:N/A:N,0.0,Yes,1,Yes,https://git.kernel.org/stable/c/49da1463c9e3d2082276c3e0e2a8b65a88711cd2,2024-10-07,N/A,No,None
CVE-2024-50102,2024-11-05 19:15:13.877000+01:00,2024-11-05 19:15:13.877000+01:00,0.00,,Linux kernel,,kernel,AMD,Linux 2.6.11,Yes,CVSS:3.1/AV:L/AC:L/PR:N/UI:N/S:U/C:H/I:N/A:N,6.2,Yes,1,Yes,https://git.kernel.org/stable/c/291313693677a345d4f50aae3c68e28b469f601e,2024-11-05,N/A,No,Medium
CVE-2024-50101,2024-11-05 19:15:13.813000+01:00,2024-11-05 19:15:13.813000+01:00,0.00,,Linux kernel,,kernel,Linux Foundation,Linux 2.6.11,Yes,CVSS:3.1/AV:L/AC:L/PR:N/UI:N/S:U/C:N/I:N/A:H,6.2,Yes,1,Yes,https://git.kernel.org/stable/c/0bd9a30c22afb5da203386b811ec31429d2caa78,2024-10-22,N/A,No,Medium
CVE-2024-50100,2024-11-05 19:15:13.757000+01:00,2024-11-05 19:15:13.757000+01:00,0.00,,Linux kernel,,kernel,Linux Foundation,Linux 2.6.11,Yes,CVSS:3.1/AV:L/AC:L/PR:N/UI:N/S:U/C:N/I:N/A:H,6.2,Yes,1,Yes,https://git.kernel.org/stable/c/5189df7b8088268012882c220d6aca4e64981348,2024-11-05,N/A,No,Medium
CVE-2024-50099,2024-11-05 19:15:13.690000+01:00,2024-11-05 19:15:13.690000+01:00,0.00,,Linux kernel,,kernel,Linux Foundation,Linux 2.6.11.y,Yes,CVSS:3.1/AV:L/AC:L/PR:H/UI:N/S:U/C:N/I:N/A:H,4.4,Yes,1,Yes,https://git.kernel.org/stable/c/3728b4eb27910ffedd173018279a970705f2e03a,2024-10-22,N/A,No,Medium
CVE-2024-50098,2024-11-05 19:15:13.620000+01:00,2024-11-05 19:15:13.620000+01:00,0.00,,Linux kernel,,kernel,null,Linux 2.6.11,Yes,CVSS:3.1/AV:L/AC:L/PR:N/UI:N/S:U/C:N/I:N/A:H,6.2,Yes,1,Yes,https://git.kernel.org/stable/c/7774d23622416dbbbdb21bf342b3f0d92cf1dc0f,2024-10-22,N/A,No,Medium
CVE-2024-50097,2024-11-05 18:15:06.937000+01:00,2024-11-05 18:15:06.937000+01:00,0.00,,Linux kernel,,kernel,NXP,Linux 2.6.11,Yes,CVSS:3.1/AV:L/AC:L/PR:N/UI:N/S:U/C:N/I:N/A:H,6.2,Yes,1,Yes,https://git.kernel.org/stable/c/6be063071a457767ee229db13f019c2ec03bfe44,2024-10-09,N/A,No,Medium
CVE-2024-50096,2024-11-05 18:15:06.870000+01:00,2024-11-05 18:15:06.870000+01:00,0.00,,Linux kernel,,kernel,Nvidia,Linux 2.6.11,Yes,CVSS:3.1/AV:L/AC:L/PR:N/UI:N/S:U/C:H/I:N/A:N,6.2,Yes,1,Yes,https://git.kernel.org/stable/c/614bfb2050982d23d53d0d51c4079dba0437c883,2024-10-17,N/A,No,Medium
CVE-2024-50095,2024-11-05 18:15:06.797000+01:00,2024-11-05 18:15:06.797000+01:00,0.00,,Linux kernel,5.14.0-427.13.1.el9_4.x86_64,kernel,null,Linux 2.6.11,Yes,CVSS:3.1/AV:N/AC:L/PR:N/UI:N/S:U/C:N/I:N/A:H,7.5,Yes,1,Yes,https://git.kernel.org/stable/c/2a777679b8ccd09a9a65ea0716ef10365179caac,2024-11-05,N/A,No,High
CVE-2024-51362,2024-11-05 18:15:07.383000+01:00,2024-11-05 18:15:07.383000+01:00,0.00,,LSC Smart Connect Indoor IP Camera,V7.6.32,app,LSC Smart Connect,N/A,No,CVSS:3.1/AV:N/AC:L/PR:N/UI:N/S:U/C:H/I:N/A:N,7.5,Yes,1,No,N/A,N/A,"{'recommendations': ['Secure Your Network: Ensure that your Wi-Fi network is protected with a strong password and avoid sharing network access with untrusted devices or individuals.', 'Separate the Camera: Connect the camera to a dedicated Wi-Fi network isolated from other devices to limit access to the camera’s network.', 'Monitor for Updates: Keep the camera firmware updated and watch for any patches from LSC Smart Connect that may address this security flaw.'], 'technical_adjustments': ['Disable RTSP access if not needed or restrict access to trusted devices only.', 'Implement network segmentation to isolate the camera from other critical devices.'], 'immediate_containment': 'Disconnect the camera from the network until proper security measures are in place.', 'enhanced_monitoring': ""Regularly monitor network traffic for unauthorized access attempts to the camera's RTSP port."", 'long_term_risk_management': 'Establish a security policy that includes regular audits of connected devices and their configurations.'}",Yes,High
CVE-2024-51132,2024-11-05 18:15:07.310000+01:00,2024-11-05 18:15:07.310000+01:00,0.00,,HAPI FHIR,< 6.4.0,library,HAPI FHIR,Java 11 or higher,Yes,CVSS:3.1/AV:N/AC:L/PR:N/UI:N/S:U/C:H/I:N/A:N,7.5,Yes,1,No,N/A,N/A,"{'technical_adjustments': ['Implement input validation to prevent malicious XML entities from being processed.', 'Configure the XML parser to disable DTD processing and external entity resolution.'], 'immediate_containment': ['Isolate affected systems from the network until a patch is available.', 'Monitor logs for any suspicious activity related to XML processing.'], 'enhanced_monitoring': ['Set up alerts for unusual XML requests or patterns in application logs.', 'Regularly review access logs for unauthorized access attempts.'], 'long_term_risk_management': ['Establish a regular patch management process to ensure timely updates.', 'Conduct security training for developers on secure coding practices.'], 'attack_vectors': ['Attackers may exploit the vulnerability to perform Server-Side Request Forgery (SSRF) or leak sensitive information.', 'Ensure that sensitive data is not exposed through error messages or logs.'], 'alternative_solutions': ['Consider using a Web Application Firewall (WAF) to filter and monitor HTTP requests.', 'Implement rate limiting on XML processing endpoints to mitigate abuse.'], 'security_best_practices': ['Regularly audit your systems for vulnerabilities and misconfigurations.', 'Keep all software dependencies up to date to minimize exposure to known vulnerabilities.']}",Yes,High
CVE-2024-50094,2024-11-05 18:15:06.733000+01:00,2024-11-05 18:15:06.733000+01:00,0.00,,Linux kernel,,kernel,Linux Foundation,Linux 2.6.11,Yes,CVSS:3.1/AV:N/AC:L/PR:N/UI:N/S:U/C:N/I:N/A:H,7.5,Yes,1,Yes,https://git.kernel.org/stable/c/55e802468e1d38dec8e25a2fdb6078d45b647e8c,2024-10-03,N/A,No,High
CVE-2024-50093,2024-11-05 18:15:06.663000+01:00,2024-11-05 18:15:06.663000+01:00,0.00,,Linux kernel,,kernel,Intel,Linux 2.6.11,Yes,CVSS:3.1/AV:L/AC:L/PR:N/UI:N/S:U/C:N/I:N/A:N,0.0,Yes,1,Yes,https://git.kernel.org/stable/c/8403021b6f32d68a7e3a6b8428ecaf5c153a9974,2024-10-17,N/A,No,None
CVE-2024-50092,2024-11-05 18:15:06.597000+01:00,2024-11-05 18:15:06.597000+01:00,0.00,,Linux kernel,,kernel,Linux Foundation,Linux 2.6.11,Yes,CVSS:3.1/AV:N/AC:L/PR:N/UI:N/S:U/C:N/I:N/A:N,0.0,Yes,1,Yes,https://git.kernel.org/stable/c/712a3af3710263444217df54e7f337f99df198d2,2024-11-05,N/A,No,None
CVE-2024-50091,2024-11-05 18:15:06.533000+01:00,2024-11-05 18:15:06.533000+01:00,0.00,,Linux kernel,,kernel,Linux,Linux 2.6.11,Yes,CVSS:3.1/AV:L/AC:L/PR:N/UI:N/S:U/C:N/I:N/A:N,0.0,Yes,1,Yes,https://git.kernel.org/stable/c/0808ebf2f80b962e75741a41ced372a7116f1e26,2024-11-05,N/A,No,None
CVE-2024-50090,2024-11-05 18:15:06.477000+01:00,2024-11-05 18:15:06.477000+01:00,0.00,,Linux kernel,,kernel,Linux Foundation,Linux 2.6.11,Yes,CVSS:3.1/AV:L/AC:L/PR:N/UI:N/S:U/C:N/I:N/A:H,6.2,Yes,1,Yes,https://git.kernel.org/stable/c/6c10ba06bb1b48acce6d4d9c1e33beb9954f1788,2024-11-05,N/A,No,Medium
CVE-2024-49522,2024-11-05 18:15:06.173000+01:00,2024-11-05 18:15:06.173000+01:00,7.80,CVSS:3.1/AV:L/AC:L/PR:N/UI:R/S:U/C:H/I:H/A:H,Adobe Substance 3D Painter,10.0.1,app,Adobe,"Windows all_versions, macOS all_versions, Linux all_versions",Yes,N/A,N/A,Yes,1,Yes,https://helpx.adobe.com/security/products/substance3d_painter/apsb24-52.html,2024-11-05,N/A,No,High
CVE-2024-48312,2024-11-05 18:15:06.093000+01:00,2024-11-05 21:35:24.200000+01:00,5.40,CVSS:3.1/AV:N/AC:L/PR:L/UI:R/S:C/C:L/I:L/A:N,WebLaudos,20.8 (118),webapp,Pixeon,N/A,No,N/A,N/A,Yes,0,No,N/A,N/A,"{'recommendations': ['Implement input validation to sanitize user inputs on the login page.', 'Utilize a Web Application Firewall (WAF) to filter out malicious requests.', 'Regularly audit your application for vulnerabilities and apply security patches promptly.', 'Monitor logs for unusual activity, especially around the login functionality.', 'Educate users about the risks of XSS and encourage safe browsing practices.'], 'technical_adjustments': ['Configure Content Security Policy (CSP) headers to restrict the sources of executable scripts.', 'Ensure that all user inputs are properly encoded before rendering on the web page.'], 'immediate_containment': ['Disable the affected login page temporarily until a fix is implemented.', 'Isolate the application from the internet if exploitation is detected.'], 'long_term_risk_management': ['Establish a regular security review process to identify and mitigate vulnerabilities.', 'Develop a security policy that includes guidelines for secure coding practices.'], 'attack_vectors': ['Exploitation via the login page using crafted URLs to inject malicious scripts.', 'Potential cookie theft leading to session hijacking.'], 'alternative_solutions': ['Consider using a different application or service that does not have known vulnerabilities.', 'Implement rate limiting on login attempts to reduce the risk of automated attacks.'], 'security_best_practices': ['Keep all software and dependencies up to date.', 'Conduct regular penetration testing to identify and address security weaknesses.']}",Yes,Medium
CVE-2023-29126,2024-11-05 17:15:16.950000+01:00,2024-11-05 17:15:16.950000+01:00,4.20,CVSS:3.1/AV:A/AC:H/PR:N/UI:N/S:U/C:L/I:L/A:N,Waybox Enel X,,webapp,Enel X,N/A,No,N/A,N/A,Yes,0,No,N/A,N/A,"{'recommendations': ['Implement input validation to prevent PHP-type juggling vulnerabilities.', 'Use a Web Application Firewall (WAF) to filter and monitor HTTP traffic.', 'Regularly audit your systems for unusual access patterns and authentication attempts.', 'Limit the number of login attempts to mitigate brute force attacks.', 'Ensure strong password policies are enforced for user accounts.', 'Monitor logs for suspicious activity and set up alerts for potential breaches.'], 'technical_adjustments': ['Configure server settings to restrict access to sensitive areas of the application.', 'Update PHP configurations to disable features that may be exploited by attackers.'], 'immediate_containment': ['Isolate affected systems from the network until a patch or fix is available.'], 'long_term_risk_management': ['Review and update security policies to include regular vulnerability assessments.', 'Train staff on security best practices and awareness.'], 'attack_vectors': ['Brute force attacks on authentication mechanisms.', 'Exploitation of weak input validation leading to unauthorized access.'], 'alternative_solutions': ['Consider using multi-factor authentication to enhance security.', 'Evaluate alternative web management applications with stronger security postures.'], 'security_best_practices': ['Regularly update all software components to their latest versions.', 'Conduct penetration testing to identify and remediate vulnerabilities.']}",Yes,Medium
CVE-2023-29125,2024-11-05 17:15:16.770000+01:00,2024-11-05 17:15:16.770000+01:00,9.00,CVSS:3.1/AV:A/AC:L/PR:L/UI:N/S:C/C:H/I:H/A:H,,,,Enel X,N/A,No,N/A,N/A,Yes,1,No,N/A,N/A,"{'technical_adjustments': ['Restrict access to TCP port 7700 using firewall rules to limit exposure.', 'Implement input validation to ensure only expected packet formats are processed.'], 'immediate_containment': ['Monitor network traffic for unusual activity targeting TCP port 7700.', 'Isolate affected systems from the network until further analysis is conducted.'], 'enhanced_monitoring': ['Deploy intrusion detection systems (IDS) to alert on suspicious packet patterns.', 'Regularly review logs for any unauthorized access attempts.'], 'long_term_risk_management': ['Establish a regular patch management process to ensure timely updates.', 'Conduct security training for staff to recognize potential threats.'], 'attack_vectors': ['An attacker could exploit the heap buffer overflow by sending crafted packets to TCP port 7700, potentially leading to remote code execution.'], 'alternative_solutions': ['Consider using a Web Application Firewall (WAF) to filter and monitor HTTP traffic.', 'Implement rate limiting on TCP port 7700 to mitigate potential abuse.'], 'security_best_practices': ['Regularly conduct vulnerability assessments and penetration testing.', 'Ensure all software components are up to date and configured securely.']}",Yes,Critical
CVE-2023-29122,2024-11-05 17:15:16.577000+01:00,2024-11-05 17:15:16.577000+01:00,6.70,CVSS:3.1/AV:L/AC:L/PR:H/UI:N/S:U/C:H/I:H/A:H,,,,Enel X,N/A,No,N/A,N/A,Yes,0,No,N/A,N/A,"{'technical_adjustments': ['Restrict access to service libraries based on user roles and permissions.', 'Implement strict authentication and authorization checks for sensitive operations.'], 'immediate_containment': ['Isolate affected systems from the network until a patch is available.', 'Monitor logs for unauthorized access attempts to service libraries.'], 'enhanced_monitoring': ['Deploy intrusion detection systems (IDS) to alert on suspicious access patterns.', 'Regularly review access logs for anomalies.'], 'long_term_risk_management': ['Establish a regular patch management process to ensure timely updates.', 'Conduct security training for developers on secure coding practices.'], 'attack_vectors': ['Unauthorized access to service libraries could lead to data leakage or manipulation.', 'Potential exploitation through privilege escalation if access controls are not enforced.'], 'alternative_solutions': ['Consider implementing a Web Application Firewall (WAF) to filter and monitor HTTP traffic.', 'Use network segmentation to limit access to critical services.'], 'security_best_practices': ['Regularly conduct security audits and vulnerability assessments.', 'Implement a robust incident response plan to address potential breaches.']}",Yes,Medium
CVE-2023-29121,2024-11-05 17:15:16.377000+01:00,2024-11-05 17:15:16.377000+01:00,9.60,CVSS:3.1/AV:A/AC:L/PR:N/UI:N/S:C/C:H/I:H/A:H,Waybox Enel TCF Agent,,app,Waybox,N/A,No,N/A,N/A,Yes,1,No,N/A,N/A,"{'technical_adjustments': ['Restrict access to the Waybox Enel TCF Agent service to trusted IP addresses only.', 'Implement role-based access control to limit administrative privileges.'], 'immediate_containment': ['Isolate affected systems from the network until further analysis can be performed.'], 'enhanced_monitoring': ['Deploy intrusion detection systems to monitor for unauthorized access attempts.', 'Regularly review logs for suspicious activities related to the Waybox system.'], 'long_term_risk_management': ['Establish a regular patch management process to ensure timely updates.', 'Conduct security training for administrators on best practices for system security.'], 'attack_vectors': ['Unauthorized access through the Waybox Enel TCF Agent service could lead to privilege escalation.', 'Potential exploitation via network services if not properly secured.'], 'alternative_solutions': ['Consider using a VPN to secure remote access to the Waybox system.', 'Evaluate the use of a Web Application Firewall to filter and monitor HTTP traffic.'], 'security_best_practices': ['Regularly conduct vulnerability assessments and penetration testing.', 'Ensure all software components are up to date with the latest security patches.']}",Yes,Critical
CVE-2023-29120,2024-11-05 17:15:16.190000+01:00,2024-11-05 17:15:16.190000+01:00,9.60,CVSS:3.1/AV:A/AC:L/PR:N/UI:N/S:C/C:H/I:H/A:H,Waybox Enel X,,webapp,Enel X,N/A,No,N/A,N/A,Yes,1,No,N/A,N/A,"{'technical_adjustments': ['Implement strict input validation to prevent command injection.', 'Configure the web application firewall (WAF) to block suspicious requests.'], 'immediate_containment': ['Isolate affected systems from the network until a patch is available.', 'Monitor logs for unusual activity related to the Waybox system.'], 'enhanced_monitoring': ['Set up alerts for any unauthorized access attempts.', 'Regularly review access logs for anomalies.'], 'long_term_risk_management': ['Establish a regular patch management process to ensure timely updates.', 'Conduct security training for administrators on best practices.'], 'attack_vectors': ['Potential exploitation through unvalidated user inputs leading to OS command execution.', 'Unauthorized access to administrative functions of the Waybox system.'], 'alternative_solutions': ['Consider disabling remote management features until a patch is available.', 'Evaluate alternative management solutions that do not exhibit this vulnerability.'], 'security_best_practices': ['Regularly update all software components to their latest versions.', 'Implement network segmentation to limit access to critical systems.']}",Yes,Critical
CVE-2023-29119,2024-11-05 17:15:15.983000+01:00,2024-11-05 17:15:15.983000+01:00,9.60,CVSS:3.1/AV:A/AC:L/PR:N/UI:N/S:C/C:H/I:H/A:H,Waybox Enel X,,webapp,Enel X,N/A,No,N/A,N/A,Yes,1,No,N/A,N/A,"{'recommendations': ['Implement input validation to prevent SQL injection attacks.', 'Use a Web Application Firewall (WAF) to filter and monitor HTTP requests.', 'Regularly audit your systems for vulnerabilities and monitor for suspicious activity.', 'Restrict access to the /admin/dbstore.php endpoint to trusted IP addresses only.', 'Ensure that database permissions are limited to only what is necessary for application functionality.'], 'technical_adjustments': ['Configure the web server to deny access to sensitive files and directories.', 'Update application configurations to enforce stricter authentication and authorization controls.'], 'immediate_containment': ['Isolate affected systems from the network until a patch or fix is available.'], 'long_term_risk_management': ['Establish a regular patch management process to ensure timely updates.', 'Develop and enforce security policies that include regular training for developers on secure coding practices.'], 'attack_vectors': ['Exploitation of the /admin/dbstore.php endpoint to execute arbitrary database commands.', 'Potential data leakage or unauthorized access to sensitive information stored in the database.'], 'alternative_solutions': ['Consider using a different web management application that adheres to security best practices.'], 'security_best_practices': ['Conduct regular penetration testing to identify and remediate vulnerabilities.', 'Implement logging and monitoring to detect and respond to potential security incidents.']}",Yes,Critical
CVE-2023-29118,2024-11-05 17:15:15.760000+01:00,2024-11-05 17:15:15.760000+01:00,9.60,CVSS:3.1/AV:A/AC:L/PR:N/UI:N/S:C/C:H/I:H/A:H,Waybox Enel X,,webapp,Enel X,N/A,No,N/A,N/A,Yes,1,No,N/A,N/A,"{'technical_adjustments': ['Implement input validation to prevent SQL injection attacks.', 'Restrict access to the /admin/versions.php endpoint to trusted IP addresses only.'], 'immediate_containment': ['Disable the /admin/versions.php endpoint until a patch is available.'], 'enhanced_monitoring': ['Set up logging and monitoring for unusual access patterns to the web management application.'], 'long_term_risk_management': ['Regularly update the web management application and conduct security assessments.'], 'attack_vectors': ['Unauthorized access to the internal database via crafted requests to /admin/versions.php.'], 'alternative_solutions': ['Consider using a Web Application Firewall (WAF) to filter and monitor HTTP requests.'], 'security_best_practices': ['Conduct regular security training for developers on secure coding practices.', 'Implement a robust incident response plan to address potential breaches.']}",Yes,Critical
CVE-2023-29117,2024-11-05 17:15:15.543000+01:00,2024-11-05 17:15:15.543000+01:00,8.80,CVSS:3.1/AV:A/AC:L/PR:N/UI:N/S:U/C:H/I:H/A:H,Waybox Enel X,,webapp,Enel X,N/A,No,N/A,N/A,Yes,1,No,N/A,N/A,"{'technical_adjustments': ['Implement strict access controls to the Waybox Enel X web management API.', 'Ensure that all API endpoints require proper authentication and authorization checks.'], 'immediate_containment': ['Isolate affected systems from the network until a patch is available.', 'Monitor logs for unauthorized access attempts to the API.'], 'enhanced_monitoring': ['Set up alerts for any unusual activity related to the Waybox system.', 'Regularly review access logs for anomalies.'], 'long_term_risk_management': ['Establish a regular patch management process to ensure timely updates.', 'Conduct security training for staff on recognizing and responding to potential vulnerabilities.'], 'attack_vectors': ['Unauthorized access to the API could lead to privilege escalation.', 'Potential data breaches if administrative privileges are exploited.'], 'alternative_solutions': ['Consider using a VPN to restrict access to the API.', 'Implement rate limiting to reduce the risk of brute force attacks.'], 'security_best_practices': ['Regularly conduct security assessments and penetration testing.', 'Keep all software and dependencies up to date to minimize vulnerabilities.']}",Yes,High
CVE-2023-29116,2024-11-05 17:15:15.307000+01:00,2024-11-05 17:15:15.307000+01:00,4.30,CVSS:3.1/AV:A/AC:L/PR:N/UI:N/S:U/C:L/I:N/A:N,Waybox Enel X,,webapp,Enel X,Waybox OS All versions,No,N/A,N/A,Yes,1,No,N/A,N/A,"{'recommendations': ['Implement input validation to prevent unauthorized access to sensitive information.', 'Utilize a Web Application Firewall (WAF) to filter and monitor HTTP requests.', 'Regularly audit your systems for vulnerabilities and monitor logs for suspicious activity.', 'Restrict access to the Waybox Enel X web management application to trusted IP addresses only.', 'Educate users about the risks associated with information disclosure and the importance of security best practices.'], 'technical_adjustments': ['Configure the application to limit the information returned in error messages.', 'Ensure that sensitive configuration details are not exposed through the web interface.'], 'immediate_containment': ['Isolate affected systems from the network until a patch or fix is available.'], 'long_term_risk_management': ['Develop and implement a security policy that includes regular updates and patch management.', 'Conduct periodic security assessments to identify and mitigate potential vulnerabilities.'], 'attack_vectors': ['Unauthorized access through crafted requests to the web management application.', 'Information leakage that could lead to further exploitation of the system.'], 'alternative_solutions': ['Consider using alternative management applications that have a stronger security posture.', 'Implement network segmentation to limit exposure of vulnerable systems.'], 'security_best_practices': ['Regularly update all software components to their latest versions.', 'Conduct training sessions for staff on recognizing and responding to security threats.']}",Yes,Medium
CVE-2024-52030,2024-11-05 16:15:27.660000+01:00,2024-11-05 17:35:58.320000+01:00,5.70,CVSS:3.1/AV:A/AC:L/PR:L/UI:N/S:U/C:N/I:N/A:H,Netgear R7000P,1.3.3.154,app,Netgear,Linux All versions that can run Netgear R7000P firmware,Yes,N/A,N/A,Yes,1,No,N/A,N/A,"{'technical_adjustments': ['Implement strict input validation for the pptp_user_netmask parameter to prevent stack overflow.', 'Configure the router to limit the size of incoming POST requests.'], 'immediate_containment': ['Isolate affected devices from the network until a patch is available.', 'Monitor network traffic for unusual patterns that may indicate exploitation attempts.'], 'enhanced_monitoring': [""Set up alerts for any failed login attempts or unusual access patterns to the router's management interface."", 'Regularly review logs for signs of unauthorized access or anomalies.'], 'long_term_risk_management': ['Establish a routine for applying firmware updates and security patches as they become available.', 'Review and update security policies to include regular vulnerability assessments.'], 'attack_vectors': [""Attackers may exploit the vulnerability by sending crafted POST requests to the router's management interface."", 'Potential consequences include Denial of Service (DoS) and unauthorized access to the router.'], 'alternative_solutions': ['Consider using a different router model that does not have this vulnerability.', 'If possible, disable the PPTP service until a patch is available.'], 'security_best_practices': ['Change default credentials and use strong, unique passwords for router access.', 'Enable logging and regularly review security settings on the router.']}",Yes,Medium
CVE-2024-52029,2024-11-05 16:15:27.573000+01:00,2024-11-05 17:35:57.397000+01:00,5.70,CVSS:3.1/AV:A/AC:L/PR:L/UI:N/S:U/C:N/I:N/A:H,Netgear R7000P,1.3.3.154,app,Netgear,N/A,No,N/A,N/A,Yes,1,No,N/A,N/A,"{'recommendations': ['Implement strict input validation for the pptp_user_netmask parameter to prevent stack overflow.', 'Utilize a Web Application Firewall (WAF) to filter and monitor HTTP requests for malicious payloads.', ""Regularly audit and monitor the router's logs for any suspicious activity or unauthorized access attempts."", 'Isolate the affected device from critical network segments until a patch is available.', 'Educate users on the risks of using default configurations and encourage changing default credentials.'], 'technical_adjustments': ['Disable unnecessary services on the Netgear R7000P router to reduce the attack surface.', 'Change the default administrative password and ensure strong password policies are enforced.'], 'long_term_risk_management': ['Establish a routine for checking for firmware updates and security advisories from Netgear.', 'Consider implementing network segmentation to limit the impact of potential vulnerabilities.'], 'attack_vectors': ['Attackers may exploit the stack overflow vulnerability via crafted POST requests targeting the pptp_user_netmask parameter.', 'Denial of Service (DoS) attacks can be executed by overwhelming the router with malicious requests.'], 'security_best_practices': ['Regularly update all network devices with the latest firmware and security patches.', 'Conduct penetration testing and vulnerability assessments to identify and remediate security weaknesses.']}",Yes,Medium
CVE-2024-52028,2024-11-05 16:15:27.483000+01:00,2024-11-05 17:35:51.053000+01:00,5.70,CVSS:3.1/AV:A/AC:L/PR:L/UI:N/S:U/C:N/I:N/A:H,Netgear R7000P,1.3.3.154,app,Netgear,Linux All versions that can run Netgear R7000P firmware v1.3.3.154,Yes,N/A,N/A,Yes,1,No,N/A,N/A,"{'technical_adjustments': ['Implement strict input validation for the pptp_user_netmask parameter to prevent stack overflow.', 'Configure the router to limit the size of incoming POST requests.'], 'immediate_containment': ['Isolate affected devices from the network until a patch is available.', 'Monitor network traffic for unusual patterns that may indicate exploitation attempts.'], 'enhanced_monitoring': [""Set up alerts for any failed login attempts or unusual access patterns to the router's management interface."", 'Regularly review logs for signs of unauthorized access or anomalies.'], 'long_term_risk_management': ['Establish a routine for applying firmware updates and security patches as they become available.', 'Conduct regular security assessments and vulnerability scans on network devices.'], 'attack_vectors': [""Attackers may exploit the vulnerability by sending crafted POST requests to the router's management interface."", 'Potential consequences include Denial of Service (DoS) and unauthorized access to the router.'], 'alternative_solutions': ['Consider using a different router model that does not have this vulnerability.', 'Implement a Web Application Firewall (WAF) to filter and monitor HTTP requests.'], 'security_best_practices': ['Change default credentials and use strong, unique passwords for router access.', 'Disable unnecessary services and features on the router to reduce the attack surface.']}",Yes,Medium
CVE-2024-52026,2024-11-05 16:15:27.397000+01:00,2024-11-05 17:35:48.997000+01:00,5.70,CVSS:3.1/AV:A/AC:L/PR:L/UI:N/S:U/C:N/I:N/A:H,"Netgear XR300, R7000P, R6400","v1.0.3.78, v1.3.3.154, v1.0.4.128",app,Netgear,N/A,No,N/A,N/A,Yes,1,No,N/A,N/A,"{'technical_adjustments': ['Implement input validation for the pppoe_localip parameter to prevent stack overflow.', 'Configure firewalls to block unauthorized POST requests targeting bsw_pppoe.cgi.'], 'immediate_containment': ['Isolate affected devices from the network until a patch is available.', 'Monitor network traffic for unusual patterns that may indicate exploitation attempts.'], 'enhanced_monitoring': ['Set up alerts for any failed login attempts or unusual access patterns to the affected devices.', 'Regularly review logs for signs of exploitation or unauthorized access.'], 'long_term_risk_management': ['Establish a regular update schedule for firmware and security patches.', 'Conduct periodic security assessments to identify and remediate vulnerabilities.'], 'attack_vectors': ['Attackers may exploit the stack overflow via crafted POST requests to cause a Denial of Service (DoS).'], 'alternative_solutions': ['Consider using a different router model that is not affected by this vulnerability until a patch is released.'], 'security_best_practices': ['Educate users on recognizing phishing attempts that may lead to exploitation.', 'Implement network segmentation to limit the impact of potential attacks.']}",Yes,Medium
CVE-2024-52025,2024-11-05 16:15:27.313000+01:00,2024-11-05 17:35:46.960000+01:00,5.70,CVSS:3.1/AV:A/AC:L/PR:L/UI:N/S:U/C:N/I:N/A:H,"Netgear XR300, R7000P, R6400","v1.0.3.78, v1.3.3.154, v1.0.4.128",app,Netgear,null null,Yes,N/A,N/A,Yes,1,No,N/A,N/A,"{'technical_adjustments': ['Implement input validation for the pppoe_localip parameter to prevent stack overflow.', 'Configure firewalls to block unauthorized POST requests targeting geniepppoe.cgi.'], 'immediate_containment': ['Isolate affected devices from the network until a patch is available.', 'Monitor network traffic for unusual patterns that may indicate exploitation attempts.'], 'enhanced_monitoring': ['Set up alerts for any failed login attempts or unusual access to geniepppoe.cgi.', 'Regularly review logs for signs of exploitation or unauthorized access.'], 'long_term_risk_management': ['Establish a regular update schedule for firmware and security patches.', 'Conduct periodic security assessments to identify and remediate vulnerabilities.'], 'attack_vectors': ['Attackers may exploit the stack overflow via crafted POST requests to cause a Denial of Service (DoS).'], 'alternative_solutions': ['Consider using a different router model that is not affected by this vulnerability until a patch is released.'], 'security_best_practices': ['Educate users on the importance of strong passwords and secure configurations.', 'Implement network segmentation to limit the impact of potential exploits.']}",Yes,Medium
CVE-2024-52024,2024-11-05 16:15:27.233000+01:00,2024-11-05 17:35:44.920000+01:00,5.70,CVSS:3.1/AV:A/AC:L/PR:L/UI:N/S:U/C:N/I:N/A:H,"Netgear XR300, R7000P, R6400","v1.0.3.78, v1.3.3.154, v1.0.4.128",app,Netgear,Linux All versions that can run Netgear routers,Yes,N/A,N/A,Yes,1,No,N/A,N/A,"{'technical_adjustments': ['Implement strict input validation for the pppoe_localip parameter to prevent stack overflow.', 'Configure the router to limit the size of incoming POST requests.'], 'immediate_containment': ['Isolate affected devices from the network until a patch is available.', 'Monitor network traffic for unusual patterns that may indicate exploitation attempts.'], 'enhanced_monitoring': [""Set up alerts for any failed login attempts or unusual access patterns to the router's management interface."", 'Regularly review logs for signs of unauthorized access or anomalies.'], 'long_term_risk_management': ['Establish a routine for applying firmware updates and security patches as they become available.', 'Conduct regular security assessments of network devices to identify and mitigate vulnerabilities.'], 'attack_vectors': [""Attackers may exploit the vulnerability by sending crafted POST requests to the router's management interface."", 'Potential consequences include Denial of Service (DoS) and unauthorized access to the device.'], 'alternative_solutions': ['Consider using a different router model that does not have this vulnerability until a patch is released.', 'Implement a Web Application Firewall (WAF) to filter and monitor HTTP requests to the router.'], 'security_best_practices': ['Change default credentials and use strong, unique passwords for router access.', 'Disable remote management features unless absolutely necessary.']}",Yes,Medium
CVE-2024-52023,2024-11-05 16:15:27.157000+01:00,2024-11-05 17:35:41.013000+01:00,5.70,CVSS:3.1/AV:A/AC:L/PR:L/UI:N/S:U/C:N/I:N/A:H,"Netgear XR300, R7000P, R6400","v1.0.3.78, v1.3.3.154, v1.0.4.128",app,Netgear,Linux all_versions,Yes,N/A,N/A,Yes,1,No,N/A,N/A,"{'technical_adjustments': ['Implement strict input validation for the pppoe_localip parameter to prevent stack overflow.', 'Configure the router to limit the size of incoming POST requests.'], 'immediate_containment': ['Isolate affected devices from the network until a patch is available.', 'Monitor network traffic for unusual patterns that may indicate exploitation attempts.'], 'enhanced_monitoring': [""Set up alerts for any failed login attempts or unusual access patterns to the router's management interface."", 'Regularly review logs for signs of unauthorized access or anomalies.'], 'long_term_risk_management': ['Establish a routine for applying firmware updates and security patches as they become available.', 'Conduct regular security assessments of network devices to identify and mitigate vulnerabilities.'], 'attack_vectors': [""Attackers may exploit the vulnerability by sending crafted POST requests to the router's pppoe.cgi endpoint."", ""Potential consequences include Denial of Service (DoS) and unauthorized access to the router's management interface.""], 'alternative_solutions': ['Consider using a different router model that does not have this vulnerability until a patch is released.', 'Implement a Web Application Firewall (WAF) to filter and monitor HTTP requests to the router.'], 'security_best_practices': ['Change default credentials and use strong, unique passwords for router access.', 'Disable remote management features unless absolutely necessary.']}",Yes,Medium
CVE-2024-52022,2024-11-05 16:15:27.070000+01:00,2024-11-05 17:35:40.237000+01:00,8.00,CVSS:3.1/AV:A/AC:L/PR:L/UI:N/S:U/C:H/I:H/A:H,wlg_adv.cgi,null,webapp,Netgear,N/A,No,N/A,N/A,Yes,1,No,N/A,N/A,"{'recommendations': [""Implement input validation to sanitize user inputs, especially for the 'apmode_gateway' parameter."", 'Utilize a Web Application Firewall (WAF) to filter and monitor HTTP requests for malicious payloads.', 'Regularly audit your systems for unauthorized access and suspicious activity.', 'Isolate affected devices from the network until a patch is available.', 'Enhance monitoring of network traffic to detect unusual patterns that may indicate exploitation attempts.', 'Educate users about the risks of command injection vulnerabilities and encourage safe browsing practices.'], 'technical_adjustments': ['Disable remote management features if not needed.', 'Restrict access to the management interface to trusted IP addresses only.'], 'long_term_risk_management': ['Establish a regular patch management process to ensure timely updates.', 'Review and update security policies to include specific measures against command injection vulnerabilities.'], 'attack_vectors': ['Attackers may exploit the command injection vulnerability by sending crafted requests to the affected devices, potentially leading to unauthorized command execution.'], 'security_best_practices': ['Keep firmware and software up to date with the latest security patches.', 'Conduct regular security assessments and penetration testing to identify vulnerabilities.']}",Yes,High
CVE-2024-52021,2024-11-05 16:15:26.997000+01:00,2024-11-05 17:35:39.440000+01:00,8.00,CVSS:3.1/AV:A/AC:L/PR:L/UI:N/S:U/C:H/I:H/A:H,Netgear R8500,v1.0.2.160,app,Netgear,N/A,No,N/A,N/A,Yes,1,No,N/A,N/A,"{'recommendations': [""Implement input validation to sanitize user inputs, particularly for the 'wan_gateway' parameter."", 'Utilize a Web Application Firewall (WAF) to filter and monitor HTTP requests for malicious payloads.', 'Regularly audit your systems for unauthorized access and suspicious activity.', 'Isolate affected devices from the network until a patch is available.', 'Enhance monitoring of network traffic to detect unusual patterns that may indicate exploitation attempts.', 'Review and update security policies to include regular vulnerability assessments and penetration testing.'], 'attack_vectors': [""Exploitation of the command injection vulnerability through crafted HTTP requests targeting the 'wan_gateway' parameter."", 'Potential unauthorized access to the underlying operating system, leading to further compromise of the device.'], 'best_practices': ['Ensure all devices are running the latest firmware and security updates.', 'Limit access to management interfaces to trusted IP addresses only.', 'Educate users about the risks of command injection and the importance of secure coding practices.']}",Yes,High
CVE-2024-52020,2024-11-05 16:15:26.917000+01:00,2024-11-05 17:35:38.663000+01:00,8.00,CVSS:3.1/AV:A/AC:L/PR:L/UI:N/S:U/C:H/I:H/A:H,Netgear R8500,v1.0.2.160,app,Netgear,N/A,No,N/A,N/A,Yes,1,No,N/A,N/A,"{'recommendations': ['Implement input validation to sanitize user inputs in the wan_gateway parameter.', 'Utilize a Web Application Firewall (WAF) to filter and monitor HTTP requests.', 'Regularly audit your systems for unauthorized access and command execution attempts.', 'Isolate affected devices from the network until a patch is available.', 'Enhance monitoring for unusual activity on the network, particularly around the Netgear R8500 device.'], 'technical_adjustments': ['Disable remote management features if not needed.', ""Restrict access to the device's management interface to trusted IP addresses only.""], 'long_term_risk_management': ['Establish a routine for applying security updates and patches as they become available.', 'Review and update security policies to include regular vulnerability assessments.'], 'attack_vectors': ['Exploitation of the command injection vulnerability through crafted requests to wiz_fix2.cgi.', 'Potential for unauthorized command execution leading to system compromise.'], 'alternative_solutions': ['Consider replacing the device with a model that has a better security track record.', 'Implement network segmentation to limit the impact of potential exploitation.'], 'security_best_practices': ['Educate users on recognizing phishing attempts that may lead to exploitation.', 'Regularly back up configurations and data to recover from potential attacks.']}",Yes,High
CVE-2024-52019,2024-11-05 16:15:26.833000+01:00,2024-11-05 18:35:31.593000+01:00,8.00,CVSS:3.1/AV:A/AC:L/PR:L/UI:N/S:U/C:H/I:H/A:H,Netgear R8500,1.0.2.160,app,Netgear,Linux All versions,No,N/A,N/A,Yes,1,No,N/A,N/A,"{'recommendations': [""Implement strict input validation for the 'wan_gateway' parameter to prevent command injection."", 'Utilize a Web Application Firewall (WAF) to filter and monitor HTTP requests for malicious payloads.', 'Regularly audit and monitor system logs for unusual activity that may indicate exploitation attempts.', 'Isolate affected devices from the network until a patch is available.', 'Educate users on the risks of command injection and the importance of secure configurations.'], 'technical_adjustments': ['Disable remote management features if not needed.', 'Change default credentials and enforce strong password policies.'], 'long_term_risk_management': ['Establish a routine for applying firmware updates and security patches as they become available.', 'Review and update security policies to include regular vulnerability assessments.'], 'attack_vectors': [""Exploitation through crafted HTTP requests targeting the 'wan_gateway' parameter."", 'Potential for remote command execution leading to unauthorized access to the device.'], 'additional_security_best_practices': ['Implement network segmentation to limit access to critical systems.', 'Use intrusion detection systems (IDS) to identify and respond to suspicious activities.']}",Yes,High
